setlist_id,song_id,order_index,fanchant,created_at,setlist_date,setlist_title,song_title,updated_at,fanchant_point
455,6705,1,,2025-09-12 22:38:07,2025-09-20,Daoko THE YOU ZIZAI ASIA TOUR [서울] 예상 셋리스트,さよならメモリーズ,2025-09-12 22:38:07,
455,6709,2,,2025-09-12 22:38:07,2025-09-20,Daoko THE YOU ZIZAI ASIA TOUR [서울] 예상 셋리스트,もしもぼくらがGAMEの主役で,2025-09-12 22:38:07,
455,6711,3,,2025-09-12 22:38:07,2025-09-20,Daoko THE YOU ZIZAI ASIA TOUR [서울] 예상 셋리스트,打上花火,2025-09-12 22:38:07,
455,6694,4,,2025-09-12 22:38:07,2025-09-20,Daoko THE YOU ZIZAI ASIA TOUR [서울] 예상 셋리스트,anima,2025-09-12 22:38:07,
455,6707,5,,2025-09-12 22:38:07,2025-09-20,Daoko THE YOU ZIZAI ASIA TOUR [서울] 예상 셋리스트,ぼくらのDAYS,2025-09-12 22:38:07,
455,6710,6,,2025-09-12 22:38:07,2025-09-20,Daoko THE YOU ZIZAI ASIA TOUR [서울] 예상 셋리스트,御伽の街,2025-09-12 22:38:07,
455,6700,7,,2025-09-12 22:38:07,2025-09-20,Daoko THE YOU ZIZAI ASIA TOUR [서울] 예상 셋리스트,おかえり,2025-09-12 22:38:07,
455,6706,8,,2025-09-12 22:38:07,2025-09-20,Daoko THE YOU ZIZAI ASIA TOUR [서울] 예상 셋리스트,ステップアップLOVE,2025-09-12 22:38:07,
455,6713,9,,2025-09-12 22:38:07,2025-09-20,Daoko THE YOU ZIZAI ASIA TOUR [서울] 예상 셋리스트,水星,2025-09-12 22:38:07,
455,6714,10,,2025-09-12 22:38:07,2025-09-20,Daoko THE YOU ZIZAI ASIA TOUR [서울] 예상 셋리스트,終わらない世界で,2025-09-12 22:38:07,
455,6703,11,,2025-09-12 22:38:07,2025-09-20,Daoko THE YOU ZIZAI ASIA TOUR [서울] 예상 셋리스트,カルマ,2025-09-12 22:38:07,
455,6698,12,,2025-09-12 22:38:07,2025-09-20,Daoko THE YOU ZIZAI ASIA TOUR [서울] 예상 셋리스트,Dimension,2025-09-12 22:38:07,
455,6701,13,,2025-09-12 22:38:07,2025-09-20,Daoko THE YOU ZIZAI ASIA TOUR [서울] 예상 셋리스트,オワラセナイト,2025-09-12 22:38:07,
455,6708,14,,2025-09-12 22:38:07,2025-09-20,Daoko THE YOU ZIZAI ASIA TOUR [서울] 예상 셋리스트,メギツネ,2025-09-12 22:38:07,
455,6696,15,,2025-09-12 22:38:07,2025-09-20,Daoko THE YOU ZIZAI ASIA TOUR [서울] 예상 셋리스트,BOY,2025-09-12 22:38:07,
455,6704,16,,2025-09-12 22:38:07,2025-09-20,Daoko THE YOU ZIZAI ASIA TOUR [서울] 예상 셋리스트,さみしいかみさま,2025-09-12 22:38:07,
455,6695,17,,2025-09-12 22:38:07,2025-09-20,Daoko THE YOU ZIZAI ASIA TOUR [서울] 예상 셋리스트,BANG!,2025-09-12 22:38:07,
455,6702,18,,2025-09-12 22:38:07,2025-09-20,Daoko THE YOU ZIZAI ASIA TOUR [서울] 예상 셋리스트,かけてあげる,2025-09-12 22:38:07,
455,6699,19,,2025-09-12 22:38:07,2025-09-20,Daoko THE YOU ZIZAI ASIA TOUR [서울] 예상 셋리스트,Higher,2025-09-12 22:38:07,
455,6697,20,,2025-09-12 22:38:07,2025-09-20,Daoko THE YOU ZIZAI ASIA TOUR [서울] 예상 셋리스트,DAOKO,2025-09-12 22:38:07,
455,6712,21,,2025-09-12 22:38:07,2025-09-20,Daoko THE YOU ZIZAI ASIA TOUR [서울] 예상 셋리스트,拝啓グッバイ,2025-09-12 22:38:07,
463,7176,1,,2025-09-12 22:38:07,2025-09-13,"타일러, 더 크리에이터 내한공연 [고양] 예상 셋리스트",ARE WE STILL FRIENDS?,2025-09-12 22:38:07,
463,7192,2,,2025-09-12 22:38:07,2025-09-13,"타일러, 더 크리에이터 내한공연 [고양] 예상 셋리스트",WUSYANAME,2025-09-12 22:38:07,
463,7181,3,,2025-09-12 22:38:07,2025-09-13,"타일러, 더 크리에이터 내한공연 [고양] 예상 셋리스트",HOT WIND BLOWS,2025-09-12 22:38:07,
463,7184,4,,2025-09-12 22:38:07,2025-09-13,"타일러, 더 크리에이터 내한공연 [고양] 예상 셋리스트",LEMONHEAD,2025-09-12 22:38:07,
463,7186,5,,2025-09-12 22:38:07,2025-09-13,"타일러, 더 크리에이터 내한공연 [고양] 예상 셋리스트",NEW MAGIC WAND,2025-09-12 22:38:07,
463,7185,6,,2025-09-12 22:38:07,2025-09-13,"타일러, 더 크리에이터 내한공연 [고양] 예상 셋리스트",LUMBERJACK,2025-09-12 22:38:07,
463,7183,7,,2025-09-12 22:38:07,2025-09-13,"타일러, 더 크리에이터 내한공연 [고양] 예상 셋리스트",IFHY,2025-09-12 22:38:07,
463,7190,8,,2025-09-12 22:38:07,2025-09-13,"타일러, 더 크리에이터 내한공연 [고양] 예상 셋리스트",TAMALE,2025-09-12 22:38:07,
463,7191,9,,2025-09-12 22:38:07,2025-09-13,"타일러, 더 크리에이터 내한공연 [고양] 예상 셋리스트",WHO DAT BOY,2025-09-12 22:38:07,
463,7188,10,,2025-09-12 22:38:07,2025-09-13,"타일러, 더 크리에이터 내한공연 [고양] 예상 셋리스트",SEE YOU AGAIN,2025-09-12 22:38:07,
463,7182,11,,2025-09-12 22:38:07,2025-09-13,"타일러, 더 크리에이터 내한공연 [고양] 예상 셋리스트",I THINK,2025-09-12 22:38:07,
463,7189,12,,2025-09-12 22:38:07,2025-09-13,"타일러, 더 크리에이터 내한공연 [고양] 예상 셋리스트",SMUCKERS,2025-09-12 22:38:07,
463,7179,13,,2025-09-12 22:38:07,2025-09-13,"타일러, 더 크리에이터 내한공연 [고양] 예상 셋리스트",EARFQUAKE,2025-09-12 22:38:07,
463,7180,14,,2025-09-12 22:38:07,2025-09-13,"타일러, 더 크리에이터 내한공연 [고양] 예상 셋리스트","GONE, GONE / THANK YOU",2025-09-12 22:38:07,
463,7177,15,,2025-09-12 22:38:07,2025-09-13,"타일러, 더 크리에이터 내한공연 [고양] 예상 셋리스트",CORSO,2025-09-12 22:38:07,
463,7187,16,,2025-09-12 22:38:07,2025-09-13,"타일러, 더 크리에이터 내한공연 [고양] 예상 셋리스트",RUNITUP,2025-09-12 22:38:07,
463,7178,17,,2025-09-12 22:38:07,2025-09-13,"타일러, 더 크리에이터 내한공연 [고양] 예상 셋리스트",DOGTOOTH,2025-09-12 22:38:07,
463,7175,18,,2025-09-12 22:38:07,2025-09-13,"타일러, 더 크리에이터 내한공연 [고양] 예상 셋리스트",911 / Mr. Lonely,2025-09-12 22:38:07,
443,7109,1,,2025-09-12 22:38:07,2025-10-01,toe New Album Release Tour: NOW WE SEE THE LIGHT [서울] 예상 셋리스트,Dizzy,2025-09-12 22:38:07,
443,7118,2,,2025-09-12 22:38:07,2025-10-01,toe New Album Release Tour: NOW WE SEE THE LIGHT [서울] 예상 셋리스트,The Book About My Idle Words,2025-09-12 22:38:07,
443,7115,3,,2025-09-12 22:38:07,2025-10-01,toe New Album Release Tour: NOW WE SEE THE LIGHT [서울] 예상 셋리스트,Our Next Movement,2025-09-12 22:38:07,
443,7106,4,,2025-09-12 22:38:07,2025-10-01,toe New Album Release Tour: NOW WE SEE THE LIGHT [서울] 예상 셋리스트,A Little Knowledge,2025-09-12 22:38:07,
443,7114,5,,2025-09-12 22:38:07,2025-10-01,toe New Album Release Tour: NOW WE SEE THE LIGHT [서울] 예상 셋리스트,Me And The Wall,2025-09-12 22:38:07,
443,7110,6,,2025-09-12 22:38:07,2025-10-01,toe New Album Release Tour: NOW WE SEE THE LIGHT [서울] 예상 셋리스트,Etude,2025-09-12 22:38:07,
443,7112,7,,2025-09-12 22:38:07,2025-10-01,toe New Album Release Tour: NOW WE SEE THE LIGHT [서울] 예상 셋리스트,Kodoku No Hatsumei (孤獨の発明),2025-09-12 22:38:07,
443,7119,8,,2025-09-12 22:38:07,2025-10-01,toe New Album Release Tour: NOW WE SEE THE LIGHT [서울] 예상 셋리스트,The Latest,2025-09-12 22:38:07,
443,7120,9,,2025-09-12 22:38:07,2025-10-01,toe New Album Release Tour: NOW WE SEE THE LIGHT [서울] 예상 셋리스트,Tremolo + Delay,2025-09-12 22:38:07,
443,7117,10,,2025-09-12 22:38:07,2025-10-01,toe New Album Release Tour: NOW WE SEE THE LIGHT [서울] 예상 셋리스트,Saigo No Bansan (最後の一餐),2025-09-12 22:38:07,
443,7113,11,,2025-09-12 22:38:07,2025-10-01,toe New Album Release Tour: NOW WE SEE THE LIGHT [서울] 예상 셋리스트,Long For,2025-09-12 22:38:07,
443,7122,12,,2025-09-12 22:38:07,2025-10-01,toe New Album Release Tour: NOW WE SEE THE LIGHT [서울] 예상 셋리스트,You Go,2025-09-12 22:38:07,
443,7111,13,,2025-09-12 22:38:07,2025-10-01,toe New Album Release Tour: NOW WE SEE THE LIGHT [서울] 예상 셋리스트,Goodbye,2025-09-12 22:38:07,
443,7108,14,,2025-09-12 22:38:07,2025-10-01,toe New Album Release Tour: NOW WE SEE THE LIGHT [서울] 예상 셋리스트,C,2025-09-12 22:38:07,
443,7121,15,,2025-09-12 22:38:07,2025-10-01,toe New Album Release Tour: NOW WE SEE THE LIGHT [서울] 예상 셋리스트,Two Moons,2025-09-12 22:38:07,
443,7107,16,,2025-09-12 22:38:07,2025-10-01,toe New Album Release Tour: NOW WE SEE THE LIGHT [서울] 예상 셋리스트,After Image,2025-09-12 22:38:07,
443,7116,17,,2025-09-12 22:38:07,2025-10-01,toe New Album Release Tour: NOW WE SEE THE LIGHT [서울] 예상 셋리스트,Path,2025-09-12 22:38:07,
465,7162,1,,2025-09-12 22:38:07,2025-10-25,트래비스 스캇 첫 단독 내한공연 [고양] 예상 셋리스트,goosebumps,2025-09-12 22:38:07,
465,7161,2,,2025-09-12 22:38:07,2025-10-25,트래비스 스캇 첫 단독 내한공연 [고양] 예상 셋리스트,FE!N,2025-09-12 22:38:07,
465,7158,3,,2025-09-12 22:38:07,2025-10-25,트래비스 스캇 첫 단독 내한공연 [고양] 예상 셋리스트,ANTIDOTE,2025-09-12 22:38:07,
465,7165,4,,2025-09-12 22:38:07,2025-10-25,트래비스 스캇 첫 단독 내한공연 [고양] 예상 셋리스트,I KNOW ?,2025-09-12 22:38:07,
465,7168,5,,2025-09-12 22:38:07,2025-10-25,트래비스 스캇 첫 단독 내한공연 [고양] 예상 셋리스트,MELTDOWN,2025-09-12 22:38:07,
465,7173,6,,2025-09-12 22:38:07,2025-10-25,트래비스 스캇 첫 단독 내한공연 [고양] 예상 셋리스트,TELEKINESIS,2025-09-12 22:38:07,
465,7169,7,,2025-09-12 22:38:07,2025-10-25,트래비스 스캇 첫 단독 내한공연 [고양] 예상 셋리스트,MODERN JAM,2025-09-12 22:38:07,
465,7159,8,,2025-09-12 22:38:07,2025-10-25,트래비스 스캇 첫 단독 내한공연 [고양] 예상 셋리스트,BUTTERFLY EFFECT,2025-09-12 22:38:07,
465,7160,9,,2025-09-12 22:38:07,2025-10-25,트래비스 스캇 첫 단독 내한공연 [고양] 예상 셋리스트,CIRCUS MAXIMUS,2025-09-12 22:38:07,
465,7166,10,,2025-09-12 22:38:07,2025-10-25,트래비스 스캇 첫 단독 내한공연 [고양] 예상 셋리스트,K-POP,2025-09-12 22:38:07,
465,7171,11,,2025-09-12 22:38:07,2025-10-25,트래비스 스캇 첫 단독 내한공연 [고양] 예상 셋리스트,NO BYSTANDERS,2025-09-12 22:38:07,
465,7174,12,,2025-09-12 22:38:07,2025-10-25,트래비스 스캇 첫 단독 내한공연 [고양] 예상 셋리스트,THANK GOD,2025-09-12 22:38:07,
465,7167,13,,2025-09-12 22:38:07,2025-10-25,트래비스 스캇 첫 단독 내한공연 [고양] 예상 셋리스트,MAFIA,2025-09-12 22:38:07,
465,7172,14,,2025-09-12 22:38:07,2025-10-25,트래비스 스캇 첫 단독 내한공연 [고양] 예상 셋리스트,SICKO MODE,2025-09-12 22:38:07,
465,7164,15,,2025-09-12 22:38:07,2025-10-25,트래비스 스캇 첫 단독 내한공연 [고양] 예상 셋리스트,HYAENA,2025-09-12 22:38:07,
465,7170,16,,2025-09-12 22:38:07,2025-10-25,트래비스 스캇 첫 단독 내한공연 [고양] 예상 셋리스트,My Eyes,2025-09-12 22:38:07,
465,7163,17,,2025-09-12 22:38:07,2025-10-25,트래비스 스캇 첫 단독 내한공연 [고양] 예상 셋리스트,HIGHEST IN THE ROOM,2025-09-12 22:38:07,
453,6781,1,,2025-09-12 22:38:07,2025-09-13,Jacky Cheung 60+ Concert Tour [인천] 예상 셋리스트,Ooh La La,2025-09-12 22:38:07,
453,6793,2,,2025-09-12 22:38:07,2025-09-13,Jacky Cheung 60+ Concert Tour [인천] 예상 셋리스트,李香蘭 (Li Xiang Lan),2025-09-12 22:38:07,
453,6782,3,,2025-09-12 22:38:07,2025-09-13,Jacky Cheung 60+ Concert Tour [인천] 예상 셋리스트,一路上有你 (You Are There All the Way),2025-09-12 22:38:07,
453,6784,4,,2025-09-12 22:38:07,2025-09-13,Jacky Cheung 60+ Concert Tour [인천] 예상 셋리스트,吻別 (Goodbye Kiss),2025-09-12 22:38:07,
453,6787,5,,2025-09-12 22:38:07,2025-09-13,Jacky Cheung 60+ Concert Tour [인천] 예상 셋리스트,如果這都不算愛 (If This Is Not Love),2025-09-12 22:38:07,
453,6796,6,,2025-09-12 22:38:07,2025-09-13,Jacky Cheung 60+ Concert Tour [인천] 예상 셋리스트,祝福 (Blessing),2025-09-12 22:38:07,
453,6798,7,,2025-09-12 22:38:07,2025-09-13,Jacky Cheung 60+ Concert Tour [인천] 예상 셋리스트,頭髮亂了 (Hair Is Messy),2025-09-12 22:38:07,
453,6791,8,,2025-09-12 22:38:07,2025-09-13,Jacky Cheung 60+ Concert Tour [인천] 예상 셋리스트,我應該 (I Should),2025-09-12 22:38:07,
453,6795,9,,2025-09-12 22:38:07,2025-09-13,Jacky Cheung 60+ Concert Tour [인천] 예상 셋리스트,真情流露 (True Feelings Revealed),2025-09-12 22:38:07,
453,6789,10,,2025-09-12 22:38:07,2025-09-13,Jacky Cheung 60+ Concert Tour [인천] 예상 셋리스트,情書 (Love Letter),2025-09-12 22:38:07,
453,6786,11,,2025-09-12 22:38:07,2025-09-13,Jacky Cheung 60+ Concert Tour [인천] 예상 셋리스트,她來聽我的演唱會 (She Came to Listen to My Concert),2025-09-12 22:38:07,
453,6797,12,,2025-09-12 22:38:07,2025-09-13,Jacky Cheung 60+ Concert Tour [인천] 예상 셋리스트,等你等到我心痛 (Waiting Till My Heart Aches),2025-09-12 22:38:07,
453,6792,13,,2025-09-12 22:38:07,2025-09-13,Jacky Cheung 60+ Concert Tour [인천] 예상 셋리스트,月半彎 (Half Moon),2025-09-12 22:38:07,
453,6799,14,,2025-09-12 22:38:07,2025-09-13,Jacky Cheung 60+ Concert Tour [인천] 예상 셋리스트,餓狼傳說 (Hungry Wolf Legend),2025-09-12 22:38:07,
453,6785,15,,2025-09-12 22:38:07,2025-09-13,Jacky Cheung 60+ Concert Tour [인천] 예상 셋리스트,太陽星辰 (Sun and Stars),2025-09-12 22:38:07,
453,6794,16,,2025-09-12 22:38:07,2025-09-13,Jacky Cheung 60+ Concert Tour [인천] 예상 셋리스트,每天愛你多一些 (Loving You More Each Day),2025-09-12 22:38:07,
453,6788,17,,2025-09-12 22:38:07,2025-09-13,Jacky Cheung 60+ Concert Tour [인천] 예상 셋리스트,心如刀割 (Heart Like a Knife Cut),2025-09-12 22:38:07,
453,6783,18,,2025-09-12 22:38:07,2025-09-13,Jacky Cheung 60+ Concert Tour [인천] 예상 셋리스트,交叉算了 (Let's Just Cross It Out),2025-09-12 22:38:07,
453,6790,19,,2025-09-12 22:38:07,2025-09-13,Jacky Cheung 60+ Concert Tour [인천] 예상 셋리스트,愛是永恆 (Love Is Eternal),2025-09-12 22:38:07,
461,6744,1,,2025-09-12 22:38:07,2025-09-13,Gen Hoshino presents MAD HOPE Asia Tour in SEOUL 예상 셋리스트,Koi,2025-09-12 22:38:07,
461,6746,2,,2025-09-12 22:38:07,2025-09-13,Gen Hoshino presents MAD HOPE Asia Tour in SEOUL 예상 셋리스트,Same Thing (feat. Superorganism),2025-09-12 22:38:07,
461,6754,3,,2025-09-12 22:38:07,2025-09-13,Gen Hoshino presents MAD HOPE Asia Tour in SEOUL 예상 셋리스트,創造 (Sōzō),2025-09-12 22:38:07,
461,6745,4,,2025-09-12 22:38:07,2025-09-13,Gen Hoshino presents MAD HOPE Asia Tour in SEOUL 예상 셋리스트,Pop Virus,2025-09-12 22:38:07,
461,6751,5,,2025-09-12 22:38:07,2025-09-13,Gen Hoshino presents MAD HOPE Asia Tour in SEOUL 예상 셋리스트,さらば (Saraba),2025-09-12 22:38:07,
461,6755,6,,2025-09-12 22:38:07,2025-09-13,Gen Hoshino presents MAD HOPE Asia Tour in SEOUL 예상 셋리스트,化物 (Bakemono),2025-09-12 22:38:07,
461,6753,7,,2025-09-12 22:38:07,2025-09-13,Gen Hoshino presents MAD HOPE Asia Tour in SEOUL 예상 셋리스트,光の跡 (Hikari no Ato),2025-09-12 22:38:07,
461,6756,8,,2025-09-12 22:38:07,2025-09-13,Gen Hoshino presents MAD HOPE Asia Tour in SEOUL 예상 셋리스트,喜劇 (Kigeki),2025-09-12 22:38:07,
461,6743,9,,2025-09-12 22:38:07,2025-09-13,Gen Hoshino presents MAD HOPE Asia Tour in SEOUL 예상 셋리스트,Idea,2025-09-12 22:38:07,
461,6758,10,,2025-09-12 22:38:07,2025-09-13,Gen Hoshino presents MAD HOPE Asia Tour in SEOUL 예상 셋리스트,夢の外へ (Yume no Soto e),2025-09-12 22:38:07,
461,6739,11,,2025-09-12 22:38:07,2025-09-13,Gen Hoshino presents MAD HOPE Asia Tour in SEOUL 예상 셋리스트,Family Song,2025-09-12 22:38:07,
461,6734,12,,2025-09-12 22:38:07,2025-09-13,Gen Hoshino presents MAD HOPE Asia Tour in SEOUL 예상 셋리스트,Comedy,2025-09-12 22:38:07,
461,6735,13,,2025-09-12 22:38:07,2025-09-13,Gen Hoshino presents MAD HOPE Asia Tour in SEOUL 예상 셋리스트,Continues,2025-09-12 22:38:07,
461,6760,14,,2025-09-12 22:38:07,2025-09-13,Gen Hoshino presents MAD HOPE Asia Tour in SEOUL 예상 셋리스트,生命体 (Seimeitai),2025-09-12 22:38:07,
461,6741,15,,2025-09-12 22:38:07,2025-09-13,Gen Hoshino presents MAD HOPE Asia Tour in SEOUL 예상 셋리스트,Hello Song,2025-09-12 22:38:07,
461,6747,16,,2025-09-12 22:38:07,2025-09-13,Gen Hoshino presents MAD HOPE Asia Tour in SEOUL 예상 셋리스트,SUN,2025-09-12 22:38:07,
461,6759,17,,2025-09-12 22:38:07,2025-09-13,Gen Hoshino presents MAD HOPE Asia Tour in SEOUL 예상 셋리스트,恋 (Koi),2025-09-12 22:38:07,
461,6740,18,,2025-09-12 22:38:07,2025-09-13,Gen Hoshino presents MAD HOPE Asia Tour in SEOUL 예상 셋리스트,Friend Ship,2025-09-12 22:38:07,
461,6738,19,,2025-09-12 22:38:07,2025-09-13,Gen Hoshino presents MAD HOPE Asia Tour in SEOUL 예상 셋리스트,Doraemon,2025-09-12 22:38:07,
461,6736,20,,2025-09-12 22:38:07,2025-09-13,Gen Hoshino presents MAD HOPE Asia Tour in SEOUL 예상 셋리스트,Crazy Crazy,2025-09-12 22:38:07,
461,6752,21,,2025-09-12 22:38:07,2025-09-13,Gen Hoshino presents MAD HOPE Asia Tour in SEOUL 예상 셋리스트,ドラえもん (Doraemon),2025-09-12 22:38:07,
461,6748,22,,2025-09-12 22:38:07,2025-09-13,Gen Hoshino presents MAD HOPE Asia Tour in SEOUL 예상 셋리스트,Week End,2025-09-12 22:38:07,
461,6733,23,,2025-09-12 22:38:07,2025-09-13,Gen Hoshino presents MAD HOPE Asia Tour in SEOUL 예상 셋리스트,Ain't Nobody Know,2025-09-12 22:38:07,
461,6737,24,,2025-09-12 22:38:07,2025-09-13,Gen Hoshino presents MAD HOPE Asia Tour in SEOUL 예상 셋리스트,Cube,2025-09-12 22:38:07,
461,6750,25,,2025-09-12 22:38:07,2025-09-13,Gen Hoshino presents MAD HOPE Asia Tour in SEOUL 예상 셋리스트,くせのうた (Kuse no Uta),2025-09-12 22:38:07,
461,6742,26,,2025-09-12 22:38:07,2025-09-13,Gen Hoshino presents MAD HOPE Asia Tour in SEOUL 예상 셋리스트,I Wanna Be Your Ghost,2025-09-12 22:38:07,
461,6749,27,,2025-09-12 22:38:07,2025-09-13,Gen Hoshino presents MAD HOPE Asia Tour in SEOUL 예상 셋리스트,Work Song,2025-09-12 22:38:07,
461,6761,28,,2025-09-12 22:38:07,2025-09-13,Gen Hoshino presents MAD HOPE Asia Tour in SEOUL 예상 셋리스트,異世界混合大舞踏会 (Isekai Konkou Daibutoukai),2025-09-12 22:38:07,
461,6757,29,,2025-09-12 22:38:07,2025-09-13,Gen Hoshino presents MAD HOPE Asia Tour in SEOUL 예상 셋리스트,地獄でなぜ悪い (Jigoku de naze warui),2025-09-12 22:38:07,
444,6844,1,,2025-09-12 22:38:07,2025-10-01,JORDANN ASIA TOUR IN SEOUL 예상 셋리스트,Don't Lie,2025-09-12 22:38:07,
444,6847,2,,2025-09-12 22:38:07,2025-10-01,JORDANN ASIA TOUR IN SEOUL 예상 셋리스트,HOME,2025-09-12 22:38:07,
444,6846,3,,2025-09-12 22:38:07,2025-10-01,JORDANN ASIA TOUR IN SEOUL 예상 셋리스트,Fallin',2025-09-12 22:38:07,
444,6851,4,,2025-09-12 22:38:07,2025-10-01,JORDANN ASIA TOUR IN SEOUL 예상 셋리스트,"Love, That Is",2025-09-12 22:38:07,
444,6853,5,,2025-09-12 22:38:07,2025-10-01,JORDANN ASIA TOUR IN SEOUL 예상 셋리스트,Rain,2025-09-12 22:38:07,
444,6842,6,,2025-09-12 22:38:07,2025-10-01,JORDANN ASIA TOUR IN SEOUL 예상 셋리스트,Be My Love,2025-09-12 22:38:07,
444,6857,7,,2025-09-12 22:38:07,2025-10-01,JORDANN ASIA TOUR IN SEOUL 예상 셋리스트,그 밤 (That Night),2025-09-12 22:38:07,
444,6850,8,,2025-09-12 22:38:07,2025-10-01,JORDANN ASIA TOUR IN SEOUL 예상 셋리스트,Love Is,2025-09-12 22:38:07,
444,6856,9,,2025-09-12 22:38:07,2025-10-01,JORDANN ASIA TOUR IN SEOUL 예상 셋리스트,Take Me Higher,2025-09-12 22:38:07,
444,6854,10,,2025-09-12 22:38:07,2025-10-01,JORDANN ASIA TOUR IN SEOUL 예상 셋리스트,Summer (feat. sogumm),2025-09-12 22:38:07,
444,6849,11,,2025-09-12 22:38:07,2025-10-01,JORDANN ASIA TOUR IN SEOUL 예상 셋리스트,Lost,2025-09-12 22:38:07,
444,6852,12,,2025-09-12 22:38:07,2025-10-01,JORDANN ASIA TOUR IN SEOUL 예상 셋리스트,On My Way,2025-09-12 22:38:07,
444,6855,13,,2025-09-12 22:38:07,2025-10-01,JORDANN ASIA TOUR IN SEOUL 예상 셋리스트,Take Me Back,2025-09-12 22:38:07,
444,6843,14,,2025-09-12 22:38:07,2025-10-01,JORDANN ASIA TOUR IN SEOUL 예상 셋리스트,Blue (feat. punchnello),2025-09-12 22:38:07,
444,6858,15,,2025-09-12 22:38:07,2025-10-01,JORDANN ASIA TOUR IN SEOUL 예상 셋리스트,밤 (Night),2025-09-12 22:38:07,
444,6845,16,,2025-09-12 22:38:07,2025-10-01,JORDANN ASIA TOUR IN SEOUL 예상 셋리스트,Dreaming,2025-09-12 22:38:07,
444,6848,17,,2025-09-12 22:38:07,2025-10-01,JORDANN ASIA TOUR IN SEOUL 예상 셋리스트,Like a Star,2025-09-12 22:38:07,
460,6666,1,,2025-09-12 22:38:07,2025-09-06,크리스토퍼 내한공연 CHRISTOPHER LIVE [서울] 예상 셋리스트,High,2025-09-12 22:38:07,
460,6676,2,,2025-09-12 22:38:07,2025-09-06,크리스토퍼 내한공연 CHRISTOPHER LIVE [서울] 예상 셋리스트,Tulips,2025-09-12 22:38:07,
460,6674,3,,2025-09-12 22:38:07,2025-09-06,크리스토퍼 내한공연 CHRISTOPHER LIVE [서울] 예상 셋리스트,Numb,2025-09-12 22:38:07,
460,6664,4,,2025-09-12 22:38:07,2025-09-06,크리스토퍼 내한공연 CHRISTOPHER LIVE [서울] 예상 셋리스트,Good to Know,2025-09-12 22:38:07,
460,6670,5,,2025-09-12 22:38:07,2025-09-06,크리스토퍼 내한공연 CHRISTOPHER LIVE [서울] 예상 셋리스트,Irony,2025-09-12 22:38:07,
460,6662,6,,2025-09-12 22:38:07,2025-09-06,크리스토퍼 내한공연 CHRISTOPHER LIVE [서울] 예상 셋리스트,Fall So Hard,2025-09-12 22:38:07,
460,6661,7,,2025-09-12 22:38:07,2025-09-06,크리스토퍼 내한공연 CHRISTOPHER LIVE [서울] 예상 셋리스트,Fall Down,2025-09-12 22:38:07,
460,6677,8,,2025-09-12 22:38:07,2025-09-06,크리스토퍼 내한공연 CHRISTOPHER LIVE [서울] 예상 셋리스트,When We Get Old,2025-09-12 22:38:07,
460,6667,9,,2025-09-12 22:38:07,2025-09-06,크리스토퍼 내한공연 CHRISTOPHER LIVE [서울] 예상 셋리스트,Hope This Song Is for You,2025-09-12 22:38:07,
460,6665,10,,2025-09-12 22:38:07,2025-09-06,크리스토퍼 내한공연 CHRISTOPHER LIVE [서울] 예상 셋리스트,Heartbeat,2025-09-12 22:38:07,
460,6673,11,,2025-09-12 22:38:07,2025-09-06,크리스토퍼 내한공연 CHRISTOPHER LIVE [서울] 예상 셋리스트,My Heart,2025-09-12 22:38:07,
460,6660,12,,2025-09-12 22:38:07,2025-09-06,크리스토퍼 내한공연 CHRISTOPHER LIVE [서울] 예상 셋리스트,CPH Girls,2025-09-12 22:38:07,
460,6659,13,,2025-09-12 22:38:07,2025-09-06,크리스토퍼 내한공연 CHRISTOPHER LIVE [서울] 예상 셋리스트,Bad,2025-09-12 22:38:07,
460,6663,14,,2025-09-12 22:38:07,2025-09-06,크리스토퍼 내한공연 CHRISTOPHER LIVE [서울] 예상 셋리스트,Figured It Out,2025-09-12 22:38:07,
460,6672,15,,2025-09-12 22:38:07,2025-09-06,크리스토퍼 내한공연 CHRISTOPHER LIVE [서울] 예상 셋리스트,Mama,2025-09-12 22:38:07,
460,6668,16,,2025-09-12 22:38:07,2025-09-06,크리스토퍼 내한공연 CHRISTOPHER LIVE [서울] 예상 셋리스트,If I Could,2025-09-12 22:38:07,
460,6675,17,,2025-09-12 22:38:07,2025-09-06,크리스토퍼 내한공연 CHRISTOPHER LIVE [서울] 예상 셋리스트,Told You So,2025-09-12 22:38:07,
460,6669,18,,2025-09-12 22:38:07,2025-09-06,크리스토퍼 내한공연 CHRISTOPHER LIVE [서울] 예상 셋리스트,If It Wasn't for You,2025-09-12 22:38:07,
460,6671,19,,2025-09-12 22:38:07,2025-09-06,크리스토퍼 내한공연 CHRISTOPHER LIVE [서울] 예상 셋리스트,Limousine,2025-09-12 22:38:07,
438,6886,1,,2025-09-12 22:38:07,2025-09-06,MADKID LIVE TOUR: MAZE MUSEUM [서울 (앵콜) ] 예상 셋리스트,GIANT KILLING,2025-09-12 22:38:07,
438,6883,2,,2025-09-12 22:38:07,2025-09-06,MADKID LIVE TOUR: MAZE MUSEUM [서울 (앵콜) ] 예상 셋리스트,FOG HORN,2025-09-12 22:38:07,
438,6884,3,,2025-09-12 22:38:07,2025-09-06,MADKID LIVE TOUR: MAZE MUSEUM [서울 (앵콜) ] 예상 셋리스트,Future Notes,2025-09-12 22:38:07,
438,6893,4,,2025-09-12 22:38:07,2025-09-06,MADKID LIVE TOUR: MAZE MUSEUM [서울 (앵콜) ] 예상 셋리스트,Party Up!!,2025-09-12 22:38:07,
438,6887,5,,2025-09-12 22:38:07,2025-09-06,MADKID LIVE TOUR: MAZE MUSEUM [서울 (앵콜) ] 예상 셋리스트,IGNITION,2025-09-12 22:38:07,
438,6892,6,,2025-09-12 22:38:07,2025-09-06,MADKID LIVE TOUR: MAZE MUSEUM [서울 (앵콜) ] 예상 셋리스트,Overthrow,2025-09-12 22:38:07,
438,6890,7,,2025-09-12 22:38:07,2025-09-06,MADKID LIVE TOUR: MAZE MUSEUM [서울 (앵콜) ] 예상 셋리스트,Light up,2025-09-12 22:38:07,
438,6882,8,,2025-09-12 22:38:07,2025-09-06,MADKID LIVE TOUR: MAZE MUSEUM [서울 (앵콜) ] 예상 셋리스트,FAITH,2025-09-12 22:38:07,
438,6894,9,,2025-09-12 22:38:07,2025-09-06,MADKID LIVE TOUR: MAZE MUSEUM [서울 (앵콜) ] 예상 셋리스트,SUMMER TIME,2025-09-12 22:38:07,
438,6898,10,,2025-09-12 22:38:07,2025-09-06,MADKID LIVE TOUR: MAZE MUSEUM [서울 (앵콜) ] 예상 셋리스트,ZERO,2025-09-12 22:38:07,
438,6888,11,,2025-09-12 22:38:07,2025-09-06,MADKID LIVE TOUR: MAZE MUSEUM [서울 (앵콜) ] 예상 셋리스트,K.O.K,2025-09-12 22:38:07,
438,6895,12,,2025-09-12 22:38:07,2025-09-06,MADKID LIVE TOUR: MAZE MUSEUM [서울 (앵콜) ] 예상 셋리스트,SWEETEST BITE,2025-09-12 22:38:07,
438,6880,13,,2025-09-12 22:38:07,2025-09-06,MADKID LIVE TOUR: MAZE MUSEUM [서울 (앵콜) ] 예상 셋리스트,Brand New World,2025-09-12 22:38:07,
438,6889,14,,2025-09-12 22:38:07,2025-09-06,MADKID LIVE TOUR: MAZE MUSEUM [서울 (앵콜) ] 예상 셋리스트,Last Climber,2025-09-12 22:38:07,
438,6881,15,,2025-09-12 22:38:07,2025-09-06,MADKID LIVE TOUR: MAZE MUSEUM [서울 (앵콜) ] 예상 셋리스트,Change The World,2025-09-12 22:38:07,
438,6885,16,,2025-09-12 22:38:07,2025-09-06,MADKID LIVE TOUR: MAZE MUSEUM [서울 (앵콜) ] 예상 셋리스트,Get down,2025-09-12 22:38:07,
438,6891,17,,2025-09-12 22:38:07,2025-09-06,MADKID LIVE TOUR: MAZE MUSEUM [서울 (앵콜) ] 예상 셋리스트,One Room,2025-09-12 22:38:07,
438,6897,18,,2025-09-12 22:38:07,2025-09-06,MADKID LIVE TOUR: MAZE MUSEUM [서울 (앵콜) ] 예상 셋리스트,With You,2025-09-12 22:38:07,
438,6896,19,,2025-09-12 22:38:07,2025-09-06,MADKID LIVE TOUR: MAZE MUSEUM [서울 (앵콜) ] 예상 셋리스트,TOKYO LIGHTS,2025-09-12 22:38:07,
457,6980,1,,2025-09-12 22:38:07,2025-10-11,Novelbright LIVE TOUR [서울] 예상 셋리스트,愛とか恋とか,2025-09-12 22:38:07,
457,6967,2,,2025-09-12 22:38:07,2025-10-11,Novelbright LIVE TOUR [서울] 예상 셋리스트,ODYSSEY,2025-09-12 22:38:07,
457,6976,3,,2025-09-12 22:38:07,2025-10-11,Novelbright LIVE TOUR [서울] 예상 셋리스트,ランナーズハイ,2025-09-12 22:38:07,
457,6977,4,,2025-09-12 22:38:07,2025-10-11,Novelbright LIVE TOUR [서울] 예상 셋리스트,優しさの剣,2025-09-12 22:38:07,
457,6978,5,,2025-09-12 22:38:07,2025-10-11,Novelbright LIVE TOUR [서울] 예상 셋리스트,夜空に舞う鷹のように,2025-09-12 22:38:07,
457,6974,6,,2025-09-12 22:38:07,2025-10-11,Novelbright LIVE TOUR [서울] 예상 셋리스트,ふたりなら,2025-09-12 22:38:07,
457,6981,7,,2025-09-12 22:38:07,2025-10-11,Novelbright LIVE TOUR [서울] 예상 셋리스트,拝啓、親愛なる君へ,2025-09-12 22:38:07,
457,6969,8,,2025-09-12 22:38:07,2025-10-11,Novelbright LIVE TOUR [서울] 예상 셋리스트,seeker,2025-09-12 22:38:07,
457,6975,9,,2025-09-12 22:38:07,2025-10-11,Novelbright LIVE TOUR [서울] 예상 셋리스트,ラストシーン,2025-09-12 22:38:07,
457,6966,10,,2025-09-12 22:38:07,2025-10-11,Novelbright LIVE TOUR [서울] 예상 셋리스트,Dear my lover,2025-09-12 22:38:07,
457,6973,11,,2025-09-12 22:38:07,2025-10-11,Novelbright LIVE TOUR [서울] 예상 셋리스트,ツキミソウ,2025-09-12 22:38:07,
457,6971,12,,2025-09-12 22:38:07,2025-10-11,Novelbright LIVE TOUR [서울] 예상 셋리스트,サプライズ,2025-09-12 22:38:07,
457,6979,13,,2025-09-12 22:38:07,2025-10-11,Novelbright LIVE TOUR [서울] 예상 셋리스트,夢花火,2025-09-12 22:38:07,
457,6965,14,,2025-09-12 22:38:07,2025-10-11,Novelbright LIVE TOUR [서울] 예상 셋리스트,Awesome Life,2025-09-12 22:38:07,
457,6968,15,,2025-09-12 22:38:07,2025-10-11,Novelbright LIVE TOUR [서울] 예상 셋리스트,Revive,2025-09-12 22:38:07,
457,6970,16,,2025-09-12 22:38:07,2025-10-11,Novelbright LIVE TOUR [서울] 예상 셋리스트,Walking with you,2025-09-12 22:38:07,
457,6972,17,,2025-09-12 22:38:07,2025-10-11,Novelbright LIVE TOUR [서울] 예상 셋리스트,タイムパラドックス,2025-09-12 22:38:07,
439,7000,1,,2025-09-12 22:38:07,2025-10-21,오아시스 내한공연 [고양] 예상 셋리스트,Wonderwall,2025-09-12 22:38:07,
439,6983,2,,2025-09-12 22:38:07,2025-10-21,오아시스 내한공연 [고양] 예상 셋리스트,Champagne Supernova,2025-09-12 22:38:07,
439,6990,3,,2025-09-12 22:38:07,2025-10-21,오아시스 내한공연 [고양] 예상 셋리스트,Lyla,2025-09-12 22:38:07,
439,6994,4,,2025-09-12 22:38:07,2025-10-21,오아시스 내한공연 [고양] 예상 셋리스트,Slide Away,2025-09-12 22:38:07,
439,6991,5,,2025-09-12 22:38:07,2025-10-21,오아시스 내한공연 [고양] 예상 셋리스트,Morning Glory,2025-09-12 22:38:07,
439,6992,6,,2025-09-12 22:38:07,2025-10-21,오아시스 내한공연 [고양] 예상 셋리스트,Rock 'n' Roll Star,2025-09-12 22:38:07,
439,6993,7,,2025-09-12 22:38:07,2025-10-21,오아시스 내한공연 [고양] 예상 셋리스트,Roll With It,2025-09-12 22:38:07,
439,6987,8,,2025-09-12 22:38:07,2025-10-21,오아시스 내한공연 [고양] 예상 셋리스트,Half the World Away,2025-09-12 22:38:07,
439,6996,9,,2025-09-12 22:38:07,2025-10-21,오아시스 내한공연 [고양] 예상 셋리스트,Supersonic,2025-09-12 22:38:07,
439,6984,10,,2025-09-12 22:38:07,2025-10-21,오아시스 내한공연 [고양] 예상 셋리스트,Cigarettes & Alcohol,2025-09-12 22:38:07,
439,6995,11,,2025-09-12 22:38:07,2025-10-21,오아시스 내한공연 [고양] 예상 셋리스트,Some Might Say,2025-09-12 22:38:07,
439,6999,12,,2025-09-12 22:38:07,2025-10-21,오아시스 내한공연 [고양] 예상 셋리스트,Whatever,2025-09-12 22:38:07,
439,6998,13,,2025-09-12 22:38:07,2025-10-21,오아시스 내한공연 [고양] 예상 셋리스트,The Shock of the Lightning,2025-09-12 22:38:07,
439,6985,14,,2025-09-12 22:38:07,2025-10-21,오아시스 내한공연 [고양] 예상 셋리스트,Don't Look Back In Anger,2025-09-12 22:38:07,
439,6982,15,,2025-09-12 22:38:07,2025-10-21,오아시스 내한공연 [고양] 예상 셋리스트,Acquiesce,2025-09-12 22:38:07,
439,6989,16,,2025-09-12 22:38:07,2025-10-21,오아시스 내한공연 [고양] 예상 셋리스트,Live Forever,2025-09-12 22:38:07,
439,6988,17,,2025-09-12 22:38:07,2025-10-21,오아시스 내한공연 [고양] 예상 셋리스트,Little By Little,2025-09-12 22:38:07,
439,6986,18,,2025-09-12 22:38:07,2025-10-21,오아시스 내한공연 [고양] 예상 셋리스트,F***ing in the Bushes (Intro),2025-09-12 22:38:07,
439,6997,19,,2025-09-12 22:38:07,2025-10-21,오아시스 내한공연 [고양] 예상 셋리스트,The Masterplan,2025-09-12 22:38:07,
466,6764,1,,2025-09-12 22:38:07,2025-09-18,"Hitsujibungaku (히츠지분가쿠) Asia Tour: Right now, right here. [서울] 예상 셋리스트",GO!!!,2025-09-12 22:38:07,
466,6775,2,,2025-09-12 22:38:07,2025-09-18,"Hitsujibungaku (히츠지분가쿠) Asia Tour: Right now, right here. [서울] 예상 셋리스트",ロマンス (Romance),2025-09-12 22:38:07,
466,6772,3,,2025-09-12 22:38:07,2025-09-18,"Hitsujibungaku (히츠지분가쿠) Asia Tour: Right now, right here. [서울] 예상 셋리스트",くだらない (Kudaranai),2025-09-12 22:38:07,
466,6778,4,,2025-09-12 22:38:07,2025-09-18,"Hitsujibungaku (히츠지분가쿠) Asia Tour: Right now, right here. [서울] 예상 셋리스트",光るとき (Hikaru Toki),2025-09-12 22:38:07,
466,6763,5,,2025-09-12 22:38:07,2025-09-18,"Hitsujibungaku (히츠지분가쿠) Asia Tour: Right now, right here. [서울] 예상 셋리스트",FOOL,2025-09-12 22:38:07,
466,6777,6,,2025-09-12 22:38:07,2025-09-18,"Hitsujibungaku (히츠지분가쿠) Asia Tour: Right now, right here. [서울] 예상 셋리스트",人魚 (Ningyo),2025-09-12 22:38:07,
466,6766,7,,2025-09-12 22:38:07,2025-09-18,"Hitsujibungaku (히츠지분가쿠) Asia Tour: Right now, right here. [서울] 예상 셋리스트",OOPARTS,2025-09-12 22:38:07,
466,6762,8,,2025-09-12 22:38:07,2025-09-18,"Hitsujibungaku (히츠지분가쿠) Asia Tour: Right now, right here. [서울] 예상 셋리스트",Addiction (中毒),2025-09-12 22:38:07,
466,6774,9,,2025-09-12 22:38:07,2025-09-18,"Hitsujibungaku (히츠지분가쿠) Asia Tour: Right now, right here. [서울] 예상 셋리스트",マフラー (Muffler),2025-09-12 22:38:07,
466,6765,10,,2025-09-12 22:38:07,2025-09-18,"Hitsujibungaku (히츠지분가쿠) Asia Tour: Right now, right here. [서울] 예상 셋리스트",more than words,2025-09-12 22:38:07,
466,6779,11,,2025-09-12 22:38:07,2025-09-18,"Hitsujibungaku (히츠지분가쿠) Asia Tour: Right now, right here. [서울] 예상 셋리스트",永遠のブルー (Eien no Blue),2025-09-12 22:38:07,
466,6768,12,,2025-09-12 22:38:07,2025-09-18,"Hitsujibungaku (히츠지분가쿠) Asia Tour: Right now, right here. [서울] 예상 셋리스트",powers,2025-09-12 22:38:07,
466,6767,13,,2025-09-12 22:38:07,2025-09-18,"Hitsujibungaku (히츠지분가쿠) Asia Tour: Right now, right here. [서울] 예상 셋리스트",our hope,2025-09-12 22:38:07,
466,6771,14,,2025-09-12 22:38:07,2025-09-18,"Hitsujibungaku (히츠지분가쿠) Asia Tour: Right now, right here. [서울] 예상 셋리스트",きらめき (Kirameki),2025-09-12 22:38:07,
466,6773,15,,2025-09-12 22:38:07,2025-09-18,"Hitsujibungaku (히츠지분가쿠) Asia Tour: Right now, right here. [서울] 예상 셋리스트",ハイウェイ (Highway),2025-09-12 22:38:07,
466,6769,16,,2025-09-12 22:38:07,2025-09-18,"Hitsujibungaku (히츠지분가쿠) Asia Tour: Right now, right here. [서울] 예상 셋리스트",seaside bound,2025-09-12 22:38:07,
466,6776,17,,2025-09-12 22:38:07,2025-09-18,"Hitsujibungaku (히츠지분가쿠) Asia Tour: Right now, right here. [서울] 예상 셋리스트",予感 (Yokan),2025-09-12 22:38:07,
466,6780,18,,2025-09-12 22:38:07,2025-09-18,"Hitsujibungaku (히츠지분가쿠) Asia Tour: Right now, right here. [서울] 예상 셋리스트",深夜 (Shinya),2025-09-12 22:38:07,
466,6770,19,,2025-09-12 22:38:07,2025-09-18,"Hitsujibungaku (히츠지분가쿠) Asia Tour: Right now, right here. [서울] 예상 셋리스트",step,2025-09-12 22:38:07,
449,7136,1,,2025-09-12 22:38:07,2025-10-02,톰 그래넌 내한공연 GRENNAN'25 예상 셋리스트,Sober,2025-09-12 22:38:07,
449,7134,2,,2025-09-12 22:38:07,2025-10-02,톰 그래넌 내한공연 GRENNAN'25 예상 셋리스트,P.S. I Love You,2025-09-12 22:38:07,
449,7126,3,,2025-09-12 22:38:07,2025-10-02,톰 그래넌 내한공연 GRENNAN'25 예상 셋리스트,Don't Break The Heart,2025-09-12 22:38:07,
449,7128,4,,2025-09-12 22:38:07,2025-10-02,톰 그래넌 내한공연 GRENNAN'25 예상 셋리스트,Here,2025-09-12 22:38:07,
449,7125,5,,2025-09-12 22:38:07,2025-10-02,톰 그래넌 내한공연 GRENNAN'25 예상 셋리스트,Calm Down,2025-09-12 22:38:07,
449,7123,6,,2025-09-12 22:38:07,2025-10-02,톰 그래넌 내한공연 GRENNAN'25 예상 셋리스트,All These Nights,2025-09-12 22:38:07,
449,7139,7,,2025-09-12 22:38:07,2025-10-02,톰 그래넌 내한공연 GRENNAN'25 예상 셋리스트,This Side of the Room,2025-09-12 22:38:07,
449,7130,8,,2025-09-12 22:38:07,2025-10-02,톰 그래넌 내한공연 GRENNAN'25 예상 셋리스트,Let's Go Home Together,2025-09-12 22:38:07,
449,7129,9,,2025-09-12 22:38:07,2025-10-02,톰 그래넌 내한공연 GRENNAN'25 예상 셋리스트,How Does It Feel,2025-09-12 22:38:07,
449,7133,10,,2025-09-12 22:38:07,2025-10-02,톰 그래넌 내한공연 GRENNAN'25 예상 셋리스트,Love Has Different Ways,2025-09-12 22:38:07,
449,7138,11,,2025-09-12 22:38:07,2025-10-02,톰 그래넌 내한공연 GRENNAN'25 예상 셋리스트,This Is The Place,2025-09-12 22:38:07,
449,7124,12,,2025-09-12 22:38:07,2025-10-02,톰 그래넌 내한공연 GRENNAN'25 예상 셋리스트,By Your Side,2025-09-12 22:38:07,
449,7132,13,,2025-09-12 22:38:07,2025-10-02,톰 그래넌 내한공연 GRENNAN'25 예상 셋리스트,Little Bit of Love,2025-09-12 22:38:07,
449,7137,14,,2025-09-12 22:38:07,2025-10-02,톰 그래넌 내한공연 GRENNAN'25 예상 셋리스트,Something In The Water,2025-09-12 22:38:07,
449,7135,15,,2025-09-12 22:38:07,2025-10-02,톰 그래넌 내한공연 GRENNAN'25 예상 셋리스트,Remind Me,2025-09-12 22:38:07,
449,7131,16,,2025-09-12 22:38:07,2025-10-02,톰 그래넌 내한공연 GRENNAN'25 예상 셋리스트,Lionheart (Fearless),2025-09-12 22:38:07,
449,7127,17,,2025-09-12 22:38:07,2025-10-02,톰 그래넌 내한공연 GRENNAN'25 예상 셋리스트,Found What I've Been Looking For,2025-09-12 22:38:07,
449,7140,18,,2025-09-12 22:38:07,2025-10-02,톰 그래넌 내한공연 GRENNAN'25 예상 셋리스트,You Are Not Alone,2025-09-12 22:38:07,
458,6939,1,,2025-09-12 22:38:07,2025-09-21,My Dying Bride 내한공연 예상 셋리스트,She Is the Dark,2025-09-12 22:38:07,
458,6933,2,,2025-09-12 22:38:07,2025-09-21,My Dying Bride 내한공연 예상 셋리스트,A Kiss to Remember,2025-09-12 22:38:07,
458,6948,3,,2025-09-12 22:38:07,2025-09-21,My Dying Bride 내한공연 예상 셋리스트,Your Broken Shore,2025-09-12 22:38:07,
458,6942,4,,2025-09-12 22:38:07,2025-09-21,My Dying Bride 내한공연 예상 셋리스트,The Lies I Weave,2025-09-12 22:38:07,
458,6944,5,,2025-09-12 22:38:07,2025-09-21,My Dying Bride 내한공연 예상 셋리스트,The Raven and the Rose,2025-09-12 22:38:07,
458,6943,6,,2025-09-12 22:38:07,2025-09-21,My Dying Bride 내한공연 예상 셋리스트,The Light at the End of the World,2025-09-12 22:38:07,
458,6934,7,,2025-09-12 22:38:07,2025-09-21,My Dying Bride 내한공연 예상 셋리스트,And My Fell Swoop,2025-09-12 22:38:07,
458,6940,8,,2025-09-12 22:38:07,2025-09-21,My Dying Bride 내한공연 예상 셋리스트,Symphonaire Infernus Et Spera Empyrium,2025-09-12 22:38:07,
458,6947,9,,2025-09-12 22:38:07,2025-09-21,My Dying Bride 내한공연 예상 셋리스트,Turn Loose the Swans,2025-09-12 22:38:07,
458,6935,10,,2025-09-12 22:38:07,2025-09-21,My Dying Bride 내한공연 예상 셋리스트,Feel the Misery,2025-09-12 22:38:07,
458,6936,11,,2025-09-12 22:38:07,2025-09-21,My Dying Bride 내한공연 예상 셋리스트,From Darkest Skies,2025-09-12 22:38:07,
458,6945,12,,2025-09-12 22:38:07,2025-09-21,My Dying Bride 내한공연 예상 셋리스트,The Solace,2025-09-12 22:38:07,
458,6937,13,,2025-09-12 22:38:07,2025-09-21,My Dying Bride 내한공연 예상 셋리스트,God Is Alone,2025-09-12 22:38:07,
458,6946,14,,2025-09-12 22:38:07,2025-09-21,My Dying Bride 내한공연 예상 셋리스트,The Thrash of Naked Limbs,2025-09-12 22:38:07,
458,6938,15,,2025-09-12 22:38:07,2025-09-21,My Dying Bride 내한공연 예상 셋리스트,Like Gods of the Sun,2025-09-12 22:38:07,
458,6941,16,,2025-09-12 22:38:07,2025-09-21,My Dying Bride 내한공연 예상 셋리스트,The Cry of Mankind,2025-09-12 22:38:07,
451,7032,1,,2025-09-12 22:38:07,2025-10-11,녹황색사회 아시아 투어 예상 셋리스트,Ryokuoushoku Hibi (緑黄色日々),2025-09-12 22:38:07,
451,7034,2,,2025-09-12 22:38:07,2025-10-11,녹황색사회 아시아 투어 예상 셋리스트,Sakura Aika (さくら愛歌),2025-09-12 22:38:07,
451,7027,3,,2025-09-12 22:38:07,2025-10-11,녹황색사회 아시아 투어 예상 셋리스트,Landscape (ランドマーク),2025-09-12 22:38:07,
451,7024,4,,2025-09-12 22:38:07,2025-10-11,녹황색사회 아시아 투어 예상 셋리스트,Flower (花になって),2025-09-12 22:38:07,
451,7025,5,,2025-09-12 22:38:07,2025-10-11,녹황색사회 아시아 투어 예상 셋리스트,Hajimari no Uta (始まりの歌),2025-09-12 22:38:07,
451,7030,6,,2025-09-12 22:38:07,2025-10-11,녹황색사회 아시아 투어 예상 셋리스트,Monster (怪物),2025-09-12 22:38:07,
451,7028,7,,2025-09-12 22:38:07,2025-10-11,녹황색사회 아시아 투어 예상 셋리스트,LITMUS (リトマス),2025-09-12 22:38:07,
451,7033,8,,2025-09-12 22:38:07,2025-10-11,녹황색사회 아시아 투어 예상 셋리스트,Sabotage (サボタージュ),2025-09-12 22:38:07,
451,7022,9,,2025-09-12 22:38:07,2025-10-11,녹황색사회 아시아 투어 예상 셋리스트,Brighten Up (ブライトンアップ),2025-09-12 22:38:07,
451,7019,10,,2025-09-12 22:38:07,2025-10-11,녹황색사회 아시아 투어 예상 셋리스트,Actor (Actor),2025-09-12 22:38:07,
451,7023,11,,2025-09-12 22:38:07,2025-10-11,녹황색사회 아시아 투어 예상 셋리스트,Character (キャラクター),2025-09-12 22:38:07,
451,7021,12,,2025-09-12 22:38:07,2025-10-11,녹황색사회 아시아 투어 예상 셋리스트,Bokura wa Mada (僕らはまだ),2025-09-12 22:38:07,
451,7020,13,,2025-09-12 22:38:07,2025-10-11,녹황색사회 아시아 투어 예상 셋리스트,Ao ni Naru (蒼炎),2025-09-12 22:38:07,
451,7026,14,,2025-09-12 22:38:07,2025-10-11,녹황색사회 아시아 투어 예상 셋리스트,JUMP,2025-09-12 22:38:07,
451,7036,15,,2025-09-12 22:38:07,2025-10-11,녹황색사회 아시아 투어 예상 셋리스트,Starry Night,2025-09-12 22:38:07,
451,7035,16,,2025-09-12 22:38:07,2025-10-11,녹황색사회 아시아 투어 예상 셋리스트,Shiawase (幸せ),2025-09-12 22:38:07,
451,7029,17,,2025-09-12 22:38:07,2025-10-11,녹황색사회 아시아 투어 예상 셋리스트,Mela! (MERA!),2025-09-12 22:38:07,
451,7031,18,,2025-09-12 22:38:07,2025-10-11,녹황색사회 아시아 투어 예상 셋리스트,Pink Blue (ピンクブルー),2025-09-12 22:38:07,
447,7090,1,,2025-09-12 22:38:07,2025-09-14,toconoma ISLAND World Tour [서울] 예상 셋리스트,Chandelier,2025-09-12 22:38:07,
447,7104,2,,2025-09-12 22:38:07,2025-09-14,toconoma ISLAND World Tour [서울] 예상 셋리스트,Way to the sea,2025-09-12 22:38:07,
447,7099,3,,2025-09-12 22:38:07,2025-09-14,toconoma ISLAND World Tour [서울] 예상 셋리스트,Sunny,2025-09-12 22:38:07,
447,7102,4,,2025-09-12 22:38:07,2025-09-14,toconoma ISLAND World Tour [서울] 예상 셋리스트,Trail,2025-09-12 22:38:07,
447,7098,5,,2025-09-12 22:38:07,2025-09-14,toconoma ISLAND World Tour [서울] 예상 셋리스트,Rising,2025-09-12 22:38:07,
447,7095,6,,2025-09-12 22:38:07,2025-09-14,toconoma ISLAND World Tour [서울] 예상 셋리스트,Paradise,2025-09-12 22:38:07,
447,7092,7,,2025-09-12 22:38:07,2025-09-14,toconoma ISLAND World Tour [서울] 예상 셋리스트,Harunohi,2025-09-12 22:38:07,
447,7096,8,,2025-09-12 22:38:07,2025-09-14,toconoma ISLAND World Tour [서울] 예상 셋리스트,Re: Re: Re:,2025-09-12 22:38:07,
447,7101,9,,2025-09-12 22:38:07,2025-09-14,toconoma ISLAND World Tour [서울] 예상 셋리스트,The Night,2025-09-12 22:38:07,
447,7094,10,,2025-09-12 22:38:07,2025-09-14,toconoma ISLAND World Tour [서울] 예상 셋리스트,Orange,2025-09-12 22:38:07,
447,7093,11,,2025-09-12 22:38:07,2025-09-14,toconoma ISLAND World Tour [서울] 예상 셋리스트,KURENAI,2025-09-12 22:38:07,
447,7103,12,,2025-09-12 22:38:07,2025-09-14,toconoma ISLAND World Tour [서울] 예상 셋리스트,Vermilion,2025-09-12 22:38:07,
447,7097,13,,2025-09-12 22:38:07,2025-09-14,toconoma ISLAND World Tour [서울] 예상 셋리스트,relive,2025-09-12 22:38:07,
447,7091,14,,2025-09-12 22:38:07,2025-09-14,toconoma ISLAND World Tour [서울] 예상 셋리스트,Hangover,2025-09-12 22:38:07,
447,7105,15,,2025-09-12 22:38:07,2025-09-14,toconoma ISLAND World Tour [서울] 예상 셋리스트,yellow soul,2025-09-12 22:38:07,
447,7100,16,,2025-09-12 22:38:07,2025-09-14,toconoma ISLAND World Tour [서울] 예상 셋리스트,Take Over,2025-09-12 22:38:07,
435,7050,1,,2025-09-12 22:38:07,2025-10-18,"SAKIYAMA SOUSHI 연주이야기 투어, DIARY 예상 셋리스트",踊り,2025-09-12 22:38:07,
435,7044,2,,2025-09-12 22:38:07,2025-10-18,"SAKIYAMA SOUSHI 연주이야기 투어, DIARY 예상 셋리스트",嘘じゃない,2025-09-12 22:38:07,
435,7041,3,,2025-09-12 22:38:07,2025-10-18,"SAKIYAMA SOUSHI 연주이야기 투어, DIARY 예상 셋리스트",ラン・ラン・ラン,2025-09-12 22:38:07,
435,7039,4,,2025-09-12 22:38:07,2025-10-18,"SAKIYAMA SOUSHI 연주이야기 투어, DIARY 예상 셋리스트",そのまま,2025-09-12 22:38:07,
435,7038,5,,2025-09-12 22:38:07,2025-10-18,"SAKIYAMA SOUSHI 연주이야기 투어, DIARY 예상 셋리스트",クレヨン,2025-09-12 22:38:07,
435,7037,6,,2025-09-12 22:38:07,2025-10-18,"SAKIYAMA SOUSHI 연주이야기 투어, DIARY 예상 셋리스트",Ito,2025-09-12 22:38:07,
435,7052,7,,2025-09-12 22:38:07,2025-10-18,"SAKIYAMA SOUSHI 연주이야기 투어, DIARY 예상 셋리스트",過剰,2025-09-12 22:38:07,
435,7049,8,,2025-09-12 22:38:07,2025-10-18,"SAKIYAMA SOUSHI 연주이야기 투어, DIARY 예상 셋리스트",潜水,2025-09-12 22:38:07,
435,7048,9,,2025-09-12 22:38:07,2025-10-18,"SAKIYAMA SOUSHI 연주이야기 투어, DIARY 예상 셋리스트",栞,2025-09-12 22:38:07,
435,7046,10,,2025-09-12 22:38:07,2025-10-18,"SAKIYAMA SOUSHI 연주이야기 투어, DIARY 예상 셋리스트",天を仰ぐ,2025-09-12 22:38:07,
435,7042,11,,2025-09-12 22:38:07,2025-10-18,"SAKIYAMA SOUSHI 연주이야기 투어, DIARY 예상 셋리스트",光あれ,2025-09-12 22:38:07,
435,7047,12,,2025-09-12 22:38:07,2025-10-18,"SAKIYAMA SOUSHI 연주이야기 투어, DIARY 예상 셋리스트",幽谷,2025-09-12 22:38:07,
435,7054,13,,2025-09-12 22:38:07,2025-10-18,"SAKIYAMA SOUSHI 연주이야기 투어, DIARY 예상 셋리스트",静寂,2025-09-12 22:38:07,
435,7045,14,,2025-09-12 22:38:07,2025-10-18,"SAKIYAMA SOUSHI 연주이야기 투어, DIARY 예상 셋리스트",塩と砂糖,2025-09-12 22:38:07,
435,7051,15,,2025-09-12 22:38:07,2025-10-18,"SAKIYAMA SOUSHI 연주이야기 투어, DIARY 예상 셋리스트",逆光,2025-09-12 22:38:07,
435,7043,16,,2025-09-12 22:38:07,2025-10-18,"SAKIYAMA SOUSHI 연주이야기 투어, DIARY 예상 셋리스트",北斗,2025-09-12 22:38:07,
435,7053,17,,2025-09-12 22:38:07,2025-10-18,"SAKIYAMA SOUSHI 연주이야기 투어, DIARY 예상 셋리스트",遠い春,2025-09-12 22:38:07,
435,7040,18,,2025-09-12 22:38:07,2025-10-18,"SAKIYAMA SOUSHI 연주이야기 투어, DIARY 예상 셋리스트",ただいま,2025-09-12 22:38:07,
448,6807,1,,2025-09-12 22:38:07,2025-09-27,제이크 밀러 첫 단독 내한공연 JAKE MILLER BALANCE TOUR 예상 셋리스트,Let Go,2025-09-12 22:38:07,
448,6804,2,,2025-09-12 22:38:07,2025-09-27,제이크 밀러 첫 단독 내한공연 JAKE MILLER BALANCE TOUR 예상 셋리스트,Green Light,2025-09-12 22:38:07,
448,6810,3,,2025-09-12 22:38:07,2025-09-27,제이크 밀러 첫 단독 내한공연 JAKE MILLER BALANCE TOUR 예상 셋리스트,Overnight,2025-09-12 22:38:07,
448,6802,4,,2025-09-12 22:38:07,2025-09-27,제이크 밀러 첫 단독 내한공연 JAKE MILLER BALANCE TOUR 예상 셋리스트,First Flight Home,2025-09-12 22:38:07,
448,6818,5,,2025-09-12 22:38:07,2025-09-27,제이크 밀러 첫 단독 내한공연 JAKE MILLER BALANCE TOUR 예상 셋리스트,Stay Right Here,2025-09-12 22:38:07,
448,6813,6,,2025-09-12 22:38:07,2025-09-27,제이크 밀러 첫 단독 내한공연 JAKE MILLER BALANCE TOUR 예상 셋리스트,Rumors,2025-09-12 22:38:07,
448,6823,7,,2025-09-12 22:38:07,2025-09-27,제이크 밀러 첫 단독 내한공연 JAKE MILLER BALANCE TOUR 예상 셋리스트,Wait For You,2025-09-12 22:38:07,
448,6822,8,,2025-09-12 22:38:07,2025-09-27,제이크 밀러 첫 단독 내한공연 JAKE MILLER BALANCE TOUR 예상 셋리스트,The Girl That's Right For You,2025-09-12 22:38:07,
448,6817,9,,2025-09-12 22:38:07,2025-09-27,제이크 밀러 첫 단독 내한공연 JAKE MILLER BALANCE TOUR 예상 셋리스트,Sleeping With Strangers,2025-09-12 22:38:07,
448,6815,10,,2025-09-12 22:38:07,2025-09-27,제이크 밀러 첫 단독 내한공연 JAKE MILLER BALANCE TOUR 예상 셋리스트,Selfish Games,2025-09-12 22:38:07,
448,6806,11,,2025-09-12 22:38:07,2025-09-27,제이크 밀러 첫 단독 내한공연 JAKE MILLER BALANCE TOUR 예상 셋리스트,Leave My Mind,2025-09-12 22:38:07,
448,6808,12,,2025-09-12 22:38:07,2025-09-27,제이크 밀러 첫 단독 내한공연 JAKE MILLER BALANCE TOUR 예상 셋리스트,Let Go (Interlude),2025-09-12 22:38:07,
448,6816,13,,2025-09-12 22:38:07,2025-09-27,제이크 밀러 첫 단독 내한공연 JAKE MILLER BALANCE TOUR 예상 셋리스트,Silver Lining,2025-09-12 22:38:07,
448,6824,14,,2025-09-12 22:38:07,2025-09-27,제이크 밀러 첫 단독 내한공연 JAKE MILLER BALANCE TOUR 예상 셋리스트,What If You Were Right,2025-09-12 22:38:07,
448,6809,15,,2025-09-12 22:38:07,2025-09-27,제이크 밀러 첫 단독 내한공연 JAKE MILLER BALANCE TOUR 예상 셋리스트,Naked,2025-09-12 22:38:07,
448,6805,16,,2025-09-12 22:38:07,2025-09-27,제이크 밀러 첫 단독 내한공연 JAKE MILLER BALANCE TOUR 예상 셋리스트,I Hope I Don't Get Sick or Die,2025-09-12 22:38:07,
448,6814,17,,2025-09-12 22:38:07,2025-09-27,제이크 밀러 첫 단독 내한공연 JAKE MILLER BALANCE TOUR 예상 셋리스트,Saved Me,2025-09-12 22:38:07,
448,6819,18,,2025-09-12 22:38:07,2025-09-27,제이크 밀러 첫 단독 내한공연 JAKE MILLER BALANCE TOUR 예상 셋리스트,Superhuman,2025-09-12 22:38:07,
448,6820,19,,2025-09-12 22:38:07,2025-09-27,제이크 밀러 첫 단독 내한공연 JAKE MILLER BALANCE TOUR 예상 셋리스트,Take My Breath Away,2025-09-12 22:38:07,
448,6803,20,,2025-09-12 22:38:07,2025-09-27,제이크 밀러 첫 단독 내한공연 JAKE MILLER BALANCE TOUR 예상 셋리스트,Good Time Girl,2025-09-12 22:38:07,
448,6800,21,,2025-09-12 22:38:07,2025-09-27,제이크 밀러 첫 단독 내한공연 JAKE MILLER BALANCE TOUR 예상 셋리스트,Blame It on You,2025-09-12 22:38:07,
448,6812,22,,2025-09-12 22:38:07,2025-09-27,제이크 밀러 첫 단독 내한공연 JAKE MILLER BALANCE TOUR 예상 셋리스트,Party in the Basement,2025-09-12 22:38:07,
448,6811,23,,2025-09-12 22:38:07,2025-09-27,제이크 밀러 첫 단독 내한공연 JAKE MILLER BALANCE TOUR 예상 셋리스트,Parade,2025-09-12 22:38:07,
448,6821,24,,2025-09-12 22:38:07,2025-09-27,제이크 밀러 첫 단독 내한공연 JAKE MILLER BALANCE TOUR 예상 셋리스트,The Balance,2025-09-12 22:38:07,
448,6801,25,,2025-09-12 22:38:07,2025-09-27,제이크 밀러 첫 단독 내한공연 JAKE MILLER BALANCE TOUR 예상 셋리스트,Dazed and Confused,2025-09-12 22:38:07,
459,7206,1,,2025-09-12 22:38:07,2025-10-11,yama Asia Tour: 호시탐탐 [서울] 예상 셋리스트,証,2025-09-12 22:38:07,
459,7202,2,,2025-09-12 22:38:07,2025-10-11,yama Asia Tour: 호시탐탐 [서울] 예상 셋리스트,慟哭,2025-09-12 22:38:07,
459,7196,3,,2025-09-12 22:38:07,2025-10-11,yama Asia Tour: 호시탐탐 [서울] 예상 셋리스트,いっしゅん,2025-09-12 22:38:07,
459,7201,4,,2025-09-12 22:38:07,2025-10-11,yama Asia Tour: 호시탐탐 [서울] 예상 셋리스트,奇跡,2025-09-12 22:38:07,
459,7199,5,,2025-09-12 22:38:07,2025-10-11,yama Asia Tour: 호시탐탐 [서울] 예상 셋리스트,刹那,2025-09-12 22:38:07,
459,7203,6,,2025-09-12 22:38:07,2025-10-11,yama Asia Tour: 호시탐탐 [서울] 예상 셋리스트,春を告げる,2025-09-12 22:38:07,
459,7204,7,,2025-09-12 22:38:07,2025-10-11,yama Asia Tour: 호시탐탐 [서울] 예상 셋리스트,真夜中の日比,2025-09-12 22:38:07,
459,7197,8,,2025-09-12 22:38:07,2025-10-11,yama Asia Tour: 호시탐탐 [서울] 예상 셋리스트,カオス,2025-09-12 22:38:07,
459,7208,9,,2025-09-12 22:38:07,2025-10-11,yama Asia Tour: 호시탐탐 [서울] 예상 셋리스트,足跡,2025-09-12 22:38:07,
459,7195,10,,2025-09-12 22:38:07,2025-10-11,yama Asia Tour: 호시탐탐 [서울] 예상 셋리스트,あなたは誰ですか,2025-09-12 22:38:07,
459,7205,11,,2025-09-12 22:38:07,2025-10-11,yama Asia Tour: 호시탐탐 [서울] 예상 셋리스트,色彩,2025-09-12 22:38:07,
459,7209,12,,2025-09-12 22:38:07,2025-10-11,yama Asia Tour: 호시탐탐 [서울] 예상 셋리스트,魔法,2025-09-12 22:38:07,
459,7193,13,,2025-09-12 22:38:07,2025-10-11,yama Asia Tour: 호시탐탐 [서울] 예상 셋리스트,slash,2025-09-12 22:38:07,
459,7194,14,,2025-09-12 22:38:07,2025-10-11,yama Asia Tour: 호시탐탐 [서울] 예상 셋리스트,Thanks for waiting,2025-09-12 22:38:07,
459,7200,15,,2025-09-12 22:38:07,2025-10-11,yama Asia Tour: 호시탐탐 [서울] 예상 셋리스트,問題ない,2025-09-12 22:38:07,
459,7207,16,,2025-09-12 22:38:07,2025-10-11,yama Asia Tour: 호시탐탐 [서울] 예상 셋리스트,起死回生,2025-09-12 22:38:07,
459,7198,17,,2025-09-12 22:38:07,2025-10-11,yama Asia Tour: 호시탐탐 [서울] 예상 셋리스트,ストライク,2025-09-12 22:38:07,
462,6868,1,,2025-09-12 22:38:07,2025-10-25,Konomi Suzuki Asia Tour [서울] 예상 셋리스트,Lasting Hope,2025-09-12 22:38:07,
462,6860,2,,2025-09-12 22:38:07,2025-10-25,Konomi Suzuki Asia Tour [서울] 예상 셋리스트,AITAKUTE,2025-09-12 22:38:07,
462,6870,3,,2025-09-12 22:38:07,2025-10-25,Konomi Suzuki Asia Tour [서울] 예상 셋리스트,Missing Promise,2025-09-12 22:38:07,
462,6877,4,,2025-09-12 22:38:07,2025-10-25,Konomi Suzuki Asia Tour [서울] 예상 셋리스트,Theater of Life,2025-09-12 22:38:07,
462,6866,5,,2025-09-12 22:38:07,2025-10-25,Konomi Suzuki Asia Tour [서울] 예상 셋리스트,DAYS of DASH (Acoustic ver.),2025-09-12 22:38:07,
462,6862,6,,2025-09-12 22:38:07,2025-10-25,Konomi Suzuki Asia Tour [서울] 예상 셋리스트,Blow out,2025-09-12 22:38:07,
462,6865,7,,2025-09-12 22:38:07,2025-10-25,Konomi Suzuki Asia Tour [서울] 예상 셋리스트,CHOIR JAIL,2025-09-12 22:38:07,
462,6878,8,,2025-09-12 22:38:07,2025-10-25,Konomi Suzuki Asia Tour [서울] 예상 셋리스트,THERE IS A REASON,2025-09-12 22:38:07,
462,6871,9,,2025-09-12 22:38:07,2025-10-25,Konomi Suzuki Asia Tour [서울] 예상 셋리스트,MY DEAREST,2025-09-12 22:38:07,
462,6875,10,,2025-09-12 22:38:07,2025-10-25,Konomi Suzuki Asia Tour [서울] 예상 셋리스트,Secret Code,2025-09-12 22:38:07,
462,6872,11,,2025-09-12 22:38:07,2025-10-25,Konomi Suzuki Asia Tour [서울] 예상 셋리스트,Noisy Night,2025-09-12 22:38:07,
462,6874,12,,2025-09-12 22:38:07,2025-10-25,Konomi Suzuki Asia Tour [서울] 예상 셋리스트,Redo,2025-09-12 22:38:07,
462,6869,13,,2025-09-12 22:38:07,2025-10-25,Konomi Suzuki Asia Tour [서울] 예상 셋리스트,Love?,2025-09-12 22:38:07,
462,6876,14,,2025-09-12 22:38:07,2025-10-25,Konomi Suzuki Asia Tour [서울] 예상 셋리스트,Shiny Days,2025-09-12 22:38:07,
462,6859,15,,2025-09-12 22:38:07,2025-10-25,Konomi Suzuki Asia Tour [서울] 예상 셋리스트,Absolute Life,2025-09-12 22:38:07,
462,6864,16,,2025-09-12 22:38:07,2025-10-25,Konomi Suzuki Asia Tour [서울] 예상 셋리스트,Change my mind,2025-09-12 22:38:07,
462,6863,17,,2025-09-12 22:38:07,2025-10-25,Konomi Suzuki Asia Tour [서울] 예상 셋리스트,Bursty Greedy Spider,2025-09-12 22:38:07,
462,6867,18,,2025-09-12 22:38:07,2025-10-25,Konomi Suzuki Asia Tour [서울] 예상 셋리스트,KAIJIN,2025-09-12 22:38:07,
462,6879,19,,2025-09-12 22:38:07,2025-10-25,Konomi Suzuki Asia Tour [서울] 예상 셋리스트,This game,2025-09-12 22:38:07,
462,6861,20,,2025-09-12 22:38:07,2025-10-25,Konomi Suzuki Asia Tour [서울] 예상 셋리스트,ANCIENT FLOWER,2025-09-12 22:38:07,
462,6873,21,,2025-09-12 22:38:07,2025-10-25,Konomi Suzuki Asia Tour [서울] 예상 셋리스트,Realize,2025-09-12 22:38:07,
454,7067,1,,2025-09-12 22:38:07,2025-09-27,"SCANDAL TOUR: LOVE, SPARK, JOY! [서울] 예상 셋리스트",one piece,2025-09-12 22:38:07,
454,7070,2,,2025-09-12 22:38:07,2025-09-27,"SCANDAL TOUR: LOVE, SPARK, JOY! [서울] 예상 셋리스트",Shunkan Sentimental,2025-09-12 22:38:07,
454,7063,3,,2025-09-12 22:38:07,2025-09-27,"SCANDAL TOUR: LOVE, SPARK, JOY! [서울] 예상 셋리스트",Love Survive,2025-09-12 22:38:07,
454,7069,4,,2025-09-12 22:38:07,2025-09-27,"SCANDAL TOUR: LOVE, SPARK, JOY! [서울] 예상 셋리스트",SCANDAL BABY,2025-09-12 22:38:07,
454,7065,5,,2025-09-12 22:38:07,2025-09-27,"SCANDAL TOUR: LOVE, SPARK, JOY! [서울] 예상 셋리스트",MIRROR,2025-09-12 22:38:07,
454,7059,6,,2025-09-12 22:38:07,2025-09-27,"SCANDAL TOUR: LOVE, SPARK, JOY! [서울] 예상 셋리스트",Highlight of Our Life,2025-09-12 22:38:07,
454,7062,7,,2025-09-12 22:38:07,2025-09-27,"SCANDAL TOUR: LOVE, SPARK, JOY! [서울] 예상 셋리스트",Living in the city,2025-09-12 22:38:07,
454,7057,8,,2025-09-12 22:38:07,2025-09-27,"SCANDAL TOUR: LOVE, SPARK, JOY! [서울] 예상 셋리스트",eternal,2025-09-12 22:38:07,
454,7068,9,,2025-09-12 22:38:07,2025-09-27,"SCANDAL TOUR: LOVE, SPARK, JOY! [서울] 예상 셋리스트",PRIDE,2025-09-12 22:38:07,
454,7058,10,,2025-09-12 22:38:07,2025-09-27,"SCANDAL TOUR: LOVE, SPARK, JOY! [서울] 예상 셋리스트",HARUKAZE,2025-09-12 22:38:07,
454,7064,11,,2025-09-12 22:38:07,2025-09-27,"SCANDAL TOUR: LOVE, SPARK, JOY! [서울] 예상 셋리스트",master piece,2025-09-12 22:38:07,
454,7066,12,,2025-09-12 22:38:07,2025-09-27,"SCANDAL TOUR: LOVE, SPARK, JOY! [서울] 예상 셋리스트",NEW LAND,2025-09-12 22:38:07,
454,7060,13,,2025-09-12 22:38:07,2025-09-27,"SCANDAL TOUR: LOVE, SPARK, JOY! [서울] 예상 셋리스트",Image,2025-09-12 22:38:07,
454,7072,14,,2025-09-12 22:38:07,2025-09-27,"SCANDAL TOUR: LOVE, SPARK, JOY! [서울] 예상 셋리스트",Take Me Out,2025-09-12 22:38:07,
454,7071,15,,2025-09-12 22:38:07,2025-09-27,"SCANDAL TOUR: LOVE, SPARK, JOY! [서울] 예상 셋리스트",SPICE,2025-09-12 22:38:07,
454,7061,16,,2025-09-12 22:38:07,2025-09-27,"SCANDAL TOUR: LOVE, SPARK, JOY! [서울] 예상 셋리스트",Line of sight,2025-09-12 22:38:07,
454,7056,17,,2025-09-12 22:38:07,2025-09-27,"SCANDAL TOUR: LOVE, SPARK, JOY! [서울] 예상 셋리스트",Catch the wave,2025-09-12 22:38:07,
454,7055,18,,2025-09-12 22:38:07,2025-09-27,"SCANDAL TOUR: LOVE, SPARK, JOY! [서울] 예상 셋리스트","Awanaitsumorino, Genkidene",2025-09-12 22:38:07,
446,6651,1,,2025-09-12 22:38:07,2025-09-18,,PAIN IS BEAUTY,2025-09-12 22:38:07,
446,6655,2,,2025-09-12 22:38:07,2025-09-18,,QUEEN,2025-09-12 22:38:07,
446,6649,3,,2025-09-12 22:38:07,2025-09-18,,Never Grow Up,2025-09-12 22:38:07,
446,6646,4,,2025-09-12 22:38:07,2025-09-18,,Harenchi,2025-09-12 22:38:07,
446,6652,5,,2025-09-12 22:38:07,2025-09-18,,PERFECT,2025-09-12 22:38:07,
446,6643,6,,2025-09-12 22:38:07,2025-09-18,,CHOCOLATE,2025-09-12 22:38:07,
446,6657,7,,2025-09-12 22:38:07,2025-09-18,,TOKYO 4AM,2025-09-12 22:38:07,
446,6650,8,,2025-09-12 22:38:07,2025-09-18,,Nonsense,2025-09-12 22:38:07,
446,6644,9,,2025-09-12 22:38:07,2025-09-18,,Doctor,2025-09-12 22:38:07,
446,6658,10,,2025-09-12 22:38:07,2025-09-18,,Voice Memo No. 5,2025-09-12 22:38:07,
446,6641,11,,2025-09-12 22:38:07,2025-09-18,,Angel,2025-09-12 22:38:07,
446,6653,12,,2025-09-12 22:38:07,2025-09-18,,Picky,2025-09-12 22:38:07,
446,6656,13,,2025-09-12 22:38:07,2025-09-18,,RED,2025-09-12 22:38:07,
446,6645,14,,2025-09-12 22:38:07,2025-09-18,,Don't go,2025-09-12 22:38:07,
446,6647,15,,2025-09-12 22:38:07,2025-09-18,,I'm a Pop,2025-09-12 22:38:07,
446,6648,16,,2025-09-12 22:38:07,2025-09-18,,My Own Lane,2025-09-12 22:38:07,
446,6654,17,,2025-09-12 22:38:07,2025-09-18,,Princess,2025-09-12 22:38:07,
446,6642,18,,2025-09-12 22:38:07,2025-09-18,,Bijin,2025-09-12 22:38:07,
434,7015,1,,2025-09-12 22:38:07,2025-09-29,핑크스웨츠 내한공연: Pink Sweat $ Live in Seoul 예상 셋리스트,Pink City,2025-09-12 22:38:07,
434,7013,2,,2025-09-12 22:38:07,2025-09-29,핑크스웨츠 내한공연: Pink Sweat $ Live in Seoul 예상 셋리스트,No Replacing You,2025-09-12 22:38:07,
434,7010,3,,2025-09-12 22:38:07,2025-09-29,핑크스웨츠 내한공연: Pink Sweat $ Live in Seoul 예상 셋리스트,I Feel Good (Reprise),2025-09-12 22:38:07,
434,7012,4,,2025-09-12 22:38:07,2025-09-29,핑크스웨츠 내한공연: Pink Sweat $ Live in Seoul 예상 셋리스트,Lows,2025-09-12 22:38:07,
434,7018,5,,2025-09-12 22:38:07,2025-09-29,핑크스웨츠 내한공연: Pink Sweat $ Live in Seoul 예상 셋리스트,Soul Train,2025-09-12 22:38:07,
434,7017,6,,2025-09-12 22:38:07,2025-09-29,핑크스웨츠 내한공연: Pink Sweat $ Live in Seoul 예상 셋리스트,Run Through Fire,2025-09-12 22:38:07,
434,7003,7,,2025-09-12 22:38:07,2025-09-29,핑크스웨츠 내한공연: Pink Sweat $ Live in Seoul 예상 셋리스트,At My Worst,2025-09-12 22:38:07,
434,7014,8,,2025-09-12 22:38:07,2025-09-29,핑크스웨츠 내한공연: Pink Sweat $ Live in Seoul 예상 셋리스트,Nothing Feels Better,2025-09-12 22:38:07,
434,7001,9,,2025-09-12 22:38:07,2025-09-29,핑크스웨츠 내한공연: Pink Sweat $ Live in Seoul 예상 셋리스트,17,2025-09-12 22:38:07,
434,7002,10,,2025-09-12 22:38:07,2025-09-29,핑크스웨츠 내한공연: Pink Sweat $ Live in Seoul 예상 셋리스트,All My Assets,2025-09-12 22:38:07,
434,7009,11,,2025-09-12 22:38:07,2025-09-29,핑크스웨츠 내한공연: Pink Sweat $ Live in Seoul 예상 셋리스트,I Feel Good,2025-09-12 22:38:07,
434,7007,12,,2025-09-12 22:38:07,2025-09-29,핑크스웨츠 내한공연: Pink Sweat $ Live in Seoul 예상 셋리스트,Heaven,2025-09-12 22:38:07,
434,7004,13,,2025-09-12 22:38:07,2025-09-29,핑크스웨츠 내한공연: Pink Sweat $ Live in Seoul 예상 셋리스트,Cadillac Drive,2025-09-12 22:38:07,
434,7008,14,,2025-09-12 22:38:07,2025-09-29,핑크스웨츠 내한공연: Pink Sweat $ Live in Seoul 예상 셋리스트,Honesty,2025-09-12 22:38:07,
434,7011,15,,2025-09-12 22:38:07,2025-09-29,핑크스웨츠 내한공연: Pink Sweat $ Live in Seoul 예상 셋리스트,Lay Up,2025-09-12 22:38:07,
434,7005,16,,2025-09-12 22:38:07,2025-09-29,핑크스웨츠 내한공연: Pink Sweat $ Live in Seoul 예상 셋리스트,Easy,2025-09-12 22:38:07,
434,7016,17,,2025-09-12 22:38:07,2025-09-29,핑크스웨츠 내한공연: Pink Sweat $ Live in Seoul 예상 셋리스트,Ride With Me,2025-09-12 22:38:07,
434,7006,18,,2025-09-12 22:38:07,2025-09-29,핑크스웨츠 내한공연: Pink Sweat $ Live in Seoul 예상 셋리스트,For Me,2025-09-12 22:38:07,
452,7210,1,,2025-09-12 22:38:07,2025-09-27,ASCA ASIA TOUR [서울] 예상 셋리스트,VIVID,2025-09-12 22:38:07,
452,6638,2,,2025-09-12 22:38:07,2025-09-27,ASCA ASIA TOUR [서울] 예상 셋리스트,君が見た夢の物語,2025-09-12 22:38:07,
452,6633,3,,2025-09-12 22:38:07,2025-09-27,ASCA ASIA TOUR [서울] 예상 셋리스트,Real Me,2025-09-12 22:38:07,
452,6640,4,,2025-09-12 22:38:07,2025-09-27,ASCA ASIA TOUR [서울] 예상 셋리스트,雲を抜けて,2025-09-12 22:38:07,
452,6629,5,,2025-09-12 22:38:07,2025-09-27,ASCA ASIA TOUR [서울] 예상 셋리스트,KOE,2025-09-12 22:38:07,
452,6626,6,,2025-09-12 22:38:07,2025-09-27,ASCA ASIA TOUR [서울] 예상 셋리스트,Don't cry,2025-09-12 22:38:07,
452,6632,7,,2025-09-12 22:38:07,2025-09-27,ASCA ASIA TOUR [서울] 예상 셋리스트,Purple Dawn,2025-09-12 22:38:07,
452,6639,8,,2025-09-12 22:38:07,2025-09-27,ASCA ASIA TOUR [서울] 예상 셋리스트,天秤 -Libra-,2025-09-12 22:38:07,
452,6635,9,,2025-09-12 22:38:07,2025-09-27,ASCA ASIA TOUR [서울] 예상 셋리스트,RUST,2025-09-12 22:38:07,
452,6625,10,,2025-09-12 22:38:07,2025-09-27,ASCA ASIA TOUR [서울] 예상 셋리스트,Chain,2025-09-12 22:38:07,
452,6634,11,,2025-09-12 22:38:07,2025-09-27,ASCA ASIA TOUR [서울] 예상 셋리스트,RESISTER,2025-09-12 22:38:07,
452,6631,12,,2025-09-12 22:38:07,2025-09-27,ASCA ASIA TOUR [서울] 예상 셋리스트,No.F,2025-09-12 22:38:07,
452,6627,13,,2025-09-12 22:38:07,2025-09-27,ASCA ASIA TOUR [서울] 예상 셋리스트,Hibana,2025-09-12 22:38:07,
452,6628,14,,2025-09-12 22:38:07,2025-09-27,ASCA ASIA TOUR [서울] 예상 셋리스트,Howling,2025-09-12 22:38:07,
452,6636,15,,2025-09-12 22:38:07,2025-09-27,ASCA ASIA TOUR [서울] 예상 셋리스트,Selfrontier,2025-09-12 22:38:07,
452,6630,16,,2025-09-12 22:38:07,2025-09-27,ASCA ASIA TOUR [서울] 예상 셋리스트,Lynne,2025-09-12 22:38:07,
464,7088,1,,2025-09-12 22:38:07,2025-09-20,SEKAI NO OWARI ASIA TOUR: Phoenix in Seoul 예상 셋리스트,주술,2025-09-12 22:38:07,
464,7084,2,,2025-09-12 22:38:07,2025-09-20,SEKAI NO OWARI ASIA TOUR: Phoenix in Seoul 예상 셋리스트,Saraba,2025-09-12 22:38:07,
464,7089,3,,2025-09-12 22:38:07,2025-09-20,SEKAI NO OWARI ASIA TOUR: Phoenix in Seoul 예상 셋리스트,환상,2025-09-12 22:38:07,
464,7082,4,,2025-09-12 22:38:07,2025-09-20,SEKAI NO OWARI ASIA TOUR: Phoenix in Seoul 예상 셋리스트,RAIN,2025-09-12 22:38:07,
464,7078,5,,2025-09-12 22:38:07,2025-09-20,SEKAI NO OWARI ASIA TOUR: Phoenix in Seoul 예상 셋리스트,Habit,2025-09-12 22:38:07,
464,7073,6,,2025-09-12 22:38:07,2025-09-20,SEKAI NO OWARI ASIA TOUR: Phoenix in Seoul 예상 셋리스트,ANTI-HERO,2025-09-12 22:38:07,
464,7076,7,,2025-09-12 22:38:07,2025-09-20,SEKAI NO OWARI ASIA TOUR: Phoenix in Seoul 예상 셋리스트,Dropout,2025-09-12 22:38:07,
464,7083,8,,2025-09-12 22:38:07,2025-09-20,SEKAI NO OWARI ASIA TOUR: Phoenix in Seoul 예상 셋리스트,RPG,2025-09-12 22:38:07,
464,7081,9,,2025-09-12 22:38:07,2025-09-20,SEKAI NO OWARI ASIA TOUR: Phoenix in Seoul 예상 셋리스트,Magic,2025-09-12 22:38:07,
464,7077,10,,2025-09-12 22:38:07,2025-09-20,SEKAI NO OWARI ASIA TOUR: Phoenix in Seoul 예상 셋리스트,Error,2025-09-12 22:38:07,
464,7080,11,,2025-09-12 22:38:07,2025-09-20,SEKAI NO OWARI ASIA TOUR: Phoenix in Seoul 예상 셋리스트,Instant Radio,2025-09-12 22:38:07,
464,7085,12,,2025-09-12 22:38:07,2025-09-20,SEKAI NO OWARI ASIA TOUR: Phoenix in Seoul 예상 셋리스트,Silent,2025-09-12 22:38:07,
464,7074,13,,2025-09-12 22:38:07,2025-09-20,SEKAI NO OWARI ASIA TOUR: Phoenix in Seoul 예상 셋리스트,Death Disco,2025-09-12 22:38:07,
464,7079,14,,2025-09-12 22:38:07,2025-09-20,SEKAI NO OWARI ASIA TOUR: Phoenix in Seoul 예상 셋리스트,Hey Ho,2025-09-12 22:38:07,
464,7087,15,,2025-09-12 22:38:07,2025-09-20,SEKAI NO OWARI ASIA TOUR: Phoenix in Seoul 예상 셋리스트,벚꽃의 밤,2025-09-12 22:38:07,
464,7075,16,,2025-09-12 22:38:07,2025-09-20,SEKAI NO OWARI ASIA TOUR: Phoenix in Seoul 예상 셋리스트,Dragon Night,2025-09-12 22:38:07,
464,7086,17,,2025-09-12 22:38:07,2025-09-20,SEKAI NO OWARI ASIA TOUR: Phoenix in Seoul 예상 셋리스트,Starlight Parade,2025-09-12 22:38:07,
441,6837,1,,2025-09-12 22:38:07,2025-09-27,PURA LANA #2 John Carroll Kirby [제주] 예상 셋리스트,Oropesa,2025-09-12 22:38:07,
441,6833,2,,2025-09-12 22:38:07,2025-09-27,PURA LANA #2 John Carroll Kirby [제주] 예상 셋리스트,Implosion,2025-09-12 22:38:07,
441,6830,3,,2025-09-12 22:38:07,2025-09-27,PURA LANA #2 John Carroll Kirby [제주] 예상 셋리스트,Geese,2025-09-12 22:38:07,
441,6832,4,,2025-09-12 22:38:07,2025-09-27,PURA LANA #2 John Carroll Kirby [제주] 예상 셋리스트,Horizon,2025-09-12 22:38:07,
441,6828,5,,2025-09-12 22:38:07,2025-09-27,PURA LANA #2 John Carroll Kirby [제주] 예상 셋리스트,Dawn of New Day,2025-09-12 22:38:07,
441,6838,6,,2025-09-12 22:38:07,2025-09-27,PURA LANA #2 John Carroll Kirby [제주] 예상 셋리스트,Pan's Dance,2025-09-12 22:38:07,
441,6826,7,,2025-09-12 22:38:07,2025-09-27,PURA LANA #2 John Carroll Kirby [제주] 예상 셋리스트,By The Sea,2025-09-12 22:38:07,
441,6841,8,,2025-09-12 22:38:07,2025-09-27,PURA LANA #2 John Carroll Kirby [제주] 예상 셋리스트,The Juice of Feeling,2025-09-12 22:38:07,
441,6829,9,,2025-09-12 22:38:07,2025-09-27,PURA LANA #2 John Carroll Kirby [제주] 예상 셋리스트,Frog Life,2025-09-12 22:38:07,
441,6834,10,,2025-09-12 22:38:07,2025-09-27,PURA LANA #2 John Carroll Kirby [제주] 예상 셋리스트,Lavender,2025-09-12 22:38:07,
441,6840,11,,2025-09-12 22:38:07,2025-09-27,PURA LANA #2 John Carroll Kirby [제주] 예상 셋리스트,Sensing It,2025-09-12 22:38:07,
441,6825,12,,2025-09-12 22:38:07,2025-09-27,PURA LANA #2 John Carroll Kirby [제주] 예상 셋리스트,Blueberry Beads,2025-09-12 22:38:07,
441,6835,13,,2025-09-12 22:38:07,2025-09-27,PURA LANA #2 John Carroll Kirby [제주] 예상 셋리스트,Makers of Time,2025-09-12 22:38:07,
441,6831,14,,2025-09-12 22:38:07,2025-09-27,PURA LANA #2 John Carroll Kirby [제주] 예상 셋리스트,Green Blue,2025-09-12 22:38:07,
441,6839,15,,2025-09-12 22:38:07,2025-09-27,PURA LANA #2 John Carroll Kirby [제주] 예상 셋리스트,Rainmaker,2025-09-12 22:38:07,
441,6836,16,,2025-09-12 22:38:07,2025-09-27,PURA LANA #2 John Carroll Kirby [제주] 예상 셋리스트,My Garden,2025-09-12 22:38:07,
441,6827,17,,2025-09-12 22:38:07,2025-09-27,PURA LANA #2 John Carroll Kirby [제주] 예상 셋리스트,Conveyor Belt,2025-09-12 22:38:07,
440,7157,1,,2025-09-12 22:38:07,2025-10-19,TOMIOKA AI ASIA TOUR [서울] 예상 셋리스트,私の居ない世界 (Watashi no Inai Sekai),2025-09-12 22:38:07,
440,7145,2,,2025-09-12 22:38:07,2025-10-19,TOMIOKA AI ASIA TOUR [서울] 예상 셋리스트,グッバイ (Goodbye),2025-09-12 22:38:07,
440,7142,3,,2025-09-12 22:38:07,2025-10-19,TOMIOKA AI ASIA TOUR [서울] 예상 셋리스트,Re:name,2025-09-12 22:38:07,
440,7153,4,,2025-09-12 22:38:07,2025-10-19,TOMIOKA AI ASIA TOUR [서울] 예상 셋리스트,愛すべき人よ (Aisubeki Hito yo),2025-09-12 22:38:07,
440,7156,5,,2025-09-12 22:38:07,2025-10-19,TOMIOKA AI ASIA TOUR [서울] 예상 셋리스트,東京 (Tokyo),2025-09-12 22:38:07,
440,7146,6,,2025-09-12 22:38:07,2025-10-19,TOMIOKA AI ASIA TOUR [서울] 예상 셋리스트,この街に咲く花 (Kono Machi ni Saku Hana),2025-09-12 22:38:07,
440,7148,7,,2025-09-12 22:38:07,2025-10-19,TOMIOKA AI ASIA TOUR [서울] 예상 셋리스트,傘 (Kasa),2025-09-12 22:38:07,
440,7154,8,,2025-09-12 22:38:07,2025-10-19,TOMIOKA AI ASIA TOUR [서울] 예상 셋리스트,愛に生きて (Ai ni Ikite),2025-09-12 22:38:07,
440,7141,9,,2025-09-12 22:38:07,2025-10-19,TOMIOKA AI ASIA TOUR [서울] 예상 셋리스트,My Place,2025-09-12 22:38:07,
440,7149,10,,2025-09-12 22:38:07,2025-10-19,TOMIOKA AI ASIA TOUR [서울] 예상 셋리스트,夢 (Yume),2025-09-12 22:38:07,
440,7144,11,,2025-09-12 22:38:07,2025-10-19,TOMIOKA AI ASIA TOUR [서울] 예상 셋리스트,グッドラック (Good Luck),2025-09-12 22:38:07,
440,7151,12,,2025-09-12 22:38:07,2025-10-19,TOMIOKA AI ASIA TOUR [서울] 예상 셋리스트,愛 (Ai),2025-09-12 22:38:07,
440,7143,13,,2025-09-12 22:38:07,2025-10-19,TOMIOKA AI ASIA TOUR [서울] 예상 셋리스트,あなたを愛してる (Anata wo Aishiteru),2025-09-12 22:38:07,
440,7147,14,,2025-09-12 22:38:07,2025-10-19,TOMIOKA AI ASIA TOUR [서울] 예상 셋리스트,ふたつ (Futatsu),2025-09-12 22:38:07,
440,7152,15,,2025-09-12 22:38:07,2025-10-19,TOMIOKA AI ASIA TOUR [서울] 예상 셋리스트,愛し愛され生きるのさ (Aishi Aisare Ikiru no sa),2025-09-12 22:38:07,
440,7155,16,,2025-09-12 22:38:07,2025-10-19,TOMIOKA AI ASIA TOUR [서울] 예상 셋리스트,星が降る夜に (Hoshi ga Furu Yoru ni),2025-09-12 22:38:07,
440,7150,17,,2025-09-12 22:38:07,2025-10-19,TOMIOKA AI ASIA TOUR [서울] 예상 셋리스트,好きになってごめんね (Suki ni Natte Gomen ne),2025-09-12 22:38:07,
437,6623,1,,2025-09-12 22:38:07,2025-09-13,ARGY 내한 콘서트 1st show in korea 예상 셋리스트,When I'm Falling,2025-09-12 22:38:07,
437,6624,2,,2025-09-12 22:38:07,2025-09-13,ARGY 내한 콘서트 1st show in korea 예상 셋리스트,Who's Gonna Save Us,2025-09-12 22:38:07,
437,6610,3,,2025-09-12 22:38:07,2025-09-13,ARGY 내한 콘서트 1st show in korea 예상 셋리스트,Daze,2025-09-12 22:38:07,
437,6617,4,,2025-09-12 22:38:07,2025-09-13,ARGY 내한 콘서트 1st show in korea 예상 셋리스트,Muzem,2025-09-12 22:38:07,
437,6620,5,,2025-09-12 22:38:07,2025-09-13,ARGY 내한 콘서트 1st show in korea 예상 셋리스트,The Midnight Sun,2025-09-12 22:38:07,
437,6612,6,,2025-09-12 22:38:07,2025-09-13,ARGY 내한 콘서트 1st show in korea 예상 셋리스트,Eternity,2025-09-12 22:38:07,
437,6614,7,,2025-09-12 22:38:07,2025-09-13,ARGY 내한 콘서트 1st show in korea 예상 셋리스트,Ketuvim,2025-09-12 22:38:07,
437,6609,8,,2025-09-12 22:38:07,2025-09-13,ARGY 내한 콘서트 1st show in korea 예상 셋리스트,D.T.F.K.,2025-09-12 22:38:07,
437,6619,9,,2025-09-12 22:38:07,2025-09-13,ARGY 내한 콘서트 1st show in korea 예상 셋리스트,Tataki,2025-09-12 22:38:07,
437,6615,10,,2025-09-12 22:38:07,2025-09-13,ARGY 내한 콘서트 1st show in korea 예상 셋리스트,Look At Me,2025-09-12 22:38:07,
437,6608,11,,2025-09-12 22:38:07,2025-09-13,ARGY 내한 콘서트 1st show in korea 예상 셋리스트,Aria,2025-09-12 22:38:07,
437,6616,12,,2025-09-12 22:38:07,2025-09-13,ARGY 내한 콘서트 1st show in korea 예상 셋리스트,Mental Powers,2025-09-12 22:38:07,
437,6613,13,,2025-09-12 22:38:07,2025-09-13,ARGY 내한 콘서트 1st show in korea 예상 셋리스트,Higher Power,2025-09-12 22:38:07,
437,6618,14,,2025-09-12 22:38:07,2025-09-13,ARGY 내한 콘서트 1st show in korea 예상 셋리스트,Pleasure,2025-09-12 22:38:07,
437,6622,15,,2025-09-12 22:38:07,2025-09-13,ARGY 내한 콘서트 1st show in korea 예상 셋리스트,The World Is Not Enough,2025-09-12 22:38:07,
437,6611,16,,2025-09-12 22:38:07,2025-09-13,ARGY 내한 콘서트 1st show in korea 예상 셋리스트,Dystopia,2025-09-12 22:38:07,
437,6621,17,,2025-09-12 22:38:07,2025-09-13,ARGY 내한 콘서트 1st show in korea 예상 셋리스트,The Sun Is Coming Up,2025-09-12 22:38:07,
456,6899,1,,2025-09-12 22:38:07,2025-09-12,Minami Earthtication [서울] 예상 셋리스트,DROP,2025-09-12 22:38:07,
456,6901,2,,2025-09-12 22:38:07,2025-09-12,Minami Earthtication [서울] 예상 셋리스트,Good Luck,2025-09-12 22:38:07,
456,6904,3,,2025-09-12 22:38:07,2025-09-12,Minami Earthtication [서울] 예상 셋리스트,Rude,2025-09-12 22:38:07,
456,6907,4,,2025-09-12 22:38:07,2025-09-12,Minami Earthtication [서울] 예상 셋리스트,ゼロ,2025-09-12 22:38:07,
456,6910,5,,2025-09-12 22:38:07,2025-09-12,Minami Earthtication [서울] 예상 셋리스트,ライラック,2025-09-12 22:38:07,
456,6906,6,,2025-09-12 22:38:07,2025-09-12,Minami Earthtication [서울] 예상 셋리스트,カワキヲアメク,2025-09-12 22:38:07,
456,6912,7,,2025-09-12 22:38:07,2025-09-12,Minami Earthtication [서울] 예상 셋리스트,夢を食べる,2025-09-12 22:38:07,
456,6902,8,,2025-09-12 22:38:07,2025-09-12,Minami Earthtication [서울] 예상 셋리스트,LOOP,2025-09-12 22:38:07,
456,6905,9,,2025-09-12 22:38:07,2025-09-12,Minami Earthtication [서울] 예상 셋리스트,アメヲマツ,2025-09-12 22:38:07,
456,6908,10,,2025-09-12 22:38:07,2025-09-12,Minami Earthtication [서울] 예상 셋리스트,センチメンタル,2025-09-12 22:38:07,
456,6914,11,,2025-09-12 22:38:07,2025-09-12,Minami Earthtication [서울] 예상 셋리스트,波音,2025-09-12 22:38:07,
456,6900,12,,2025-09-12 22:38:07,2025-09-12,Minami Earthtication [서울] 예상 셋리스트,ETERNAL BLUE,2025-09-12 22:38:07,
456,6903,13,,2025-09-12 22:38:07,2025-09-12,Minami Earthtication [서울] 예상 셋리스트,main actor,2025-09-12 22:38:07,
456,6913,14,,2025-09-12 22:38:07,2025-09-12,Minami Earthtication [서울] 예상 셋리스트,心が音を立てる,2025-09-12 22:38:07,
456,6911,15,,2025-09-12 22:38:07,2025-09-12,Minami Earthtication [서울] 예상 셋리스트,君と僕の15ヶ月,2025-09-12 22:38:07,
456,6909,16,,2025-09-12 22:38:07,2025-09-12,Minami Earthtication [서울] 예상 셋리스트,ホログラム,2025-09-12 22:38:07,
445,6962,1,,2025-09-12 22:38:07,2025-10-25,"NEMOPHILA Live, MVXS 5 [서울] 예상 셋리스트",STYLE,2025-09-12 22:38:07,
445,6955,2,,2025-09-12 22:38:07,2025-10-25,"NEMOPHILA Live, MVXS 5 [서울] 예상 셋리스트",Night Flight,2025-09-12 22:38:07,
445,6951,3,,2025-09-12 22:38:07,2025-10-25,"NEMOPHILA Live, MVXS 5 [서울] 예상 셋리스트",ERA,2025-09-12 22:38:07,
445,6954,4,,2025-09-12 22:38:07,2025-10-25,"NEMOPHILA Live, MVXS 5 [서울] 예상 셋리스트",MONSTERS,2025-09-12 22:38:07,
445,6964,5,,2025-09-12 22:38:07,2025-10-25,"NEMOPHILA Live, MVXS 5 [서울] 예상 셋리스트",ZEN,2025-09-12 22:38:07,
445,6952,6,,2025-09-12 22:38:07,2025-10-25,"NEMOPHILA Live, MVXS 5 [서울] 예상 셋리스트",FIGHTER,2025-09-12 22:38:07,
445,6950,7,,2025-09-12 22:38:07,2025-10-25,"NEMOPHILA Live, MVXS 5 [서울] 예상 셋리스트",DISSENSION,2025-09-12 22:38:07,
445,6956,8,,2025-09-12 22:38:07,2025-10-25,"NEMOPHILA Live, MVXS 5 [서울] 예상 셋리스트",OIRAN,2025-09-12 22:38:07,
445,6949,9,,2025-09-12 22:38:07,2025-10-25,"NEMOPHILA Live, MVXS 5 [서울] 예상 셋리스트",Change the World,2025-09-12 22:38:07,
445,6958,10,,2025-09-12 22:38:07,2025-10-25,"NEMOPHILA Live, MVXS 5 [서울] 예상 셋리스트",RAITEI,2025-09-12 22:38:07,
445,6963,11,,2025-09-12 22:38:07,2025-10-25,"NEMOPHILA Live, MVXS 5 [서울] 예상 셋리스트",Waiting for you,2025-09-12 22:38:07,
445,6959,12,,2025-09-12 22:38:07,2025-10-25,"NEMOPHILA Live, MVXS 5 [서울] 예상 셋리스트",REVIVE,2025-09-12 22:38:07,
445,6961,13,,2025-09-12 22:38:07,2025-10-25,"NEMOPHILA Live, MVXS 5 [서울] 예상 셋리스트",Seize the Fate,2025-09-12 22:38:07,
445,6960,14,,2025-09-12 22:38:07,2025-10-25,"NEMOPHILA Live, MVXS 5 [서울] 예상 셋리스트",RISE,2025-09-12 22:38:07,
445,6957,15,,2025-09-12 22:38:07,2025-10-25,"NEMOPHILA Live, MVXS 5 [서울] 예상 셋리스트",OSKR,2025-09-12 22:38:07,
445,6953,16,,2025-09-12 22:38:07,2025-10-25,"NEMOPHILA Live, MVXS 5 [서울] 예상 셋리스트",Hammer Down,2025-09-12 22:38:07,
442,6684,1,,2025-09-12 22:38:07,2025-10-18,,のびしろ,2025-09-12 22:38:07,
442,6691,2,,2025-09-12 22:38:07,2025-10-18,,堕天,2025-09-12 22:38:07,
442,6685,3,,2025-09-12 22:38:07,2025-10-18,,バッドオレンジズ,2025-09-12 22:38:07,
442,6693,4,,2025-09-12 22:38:07,2025-10-18,,新・ラッパーの生活,2025-09-12 22:38:07,
442,6683,5,,2025-09-12 22:38:07,2025-10-18,,かつて天才だった俺たちへ,2025-09-12 22:38:07,
442,6678,6,,2025-09-12 22:38:07,2025-10-18,,2way nice guy,2025-09-12 22:38:07,
442,6679,7,,2025-09-12 22:38:07,2025-10-18,,Bling-Bang-Bang-Born,2025-09-12 22:38:07,
442,6692,8,,2025-09-12 22:38:07,2025-10-18,,夢のつむぎ,2025-09-12 22:38:07,
442,6681,9,,2025-09-12 22:38:07,2025-10-18,,おぼろげ,2025-09-12 22:38:07,
442,6690,10,,2025-09-12 22:38:07,2025-10-18,,地獄園,2025-09-12 22:38:07,
442,6686,11,,2025-09-12 22:38:07,2025-10-18,,ヘルシー,2025-09-12 22:38:07,
442,6687,12,,2025-09-12 22:38:07,2025-10-18,,みんなちがって、みんないい,2025-09-12 22:38:07,
442,6680,13,,2025-09-12 22:38:07,2025-10-18,,あけぼの,2025-09-12 22:38:07,
442,6689,14,,2025-09-12 22:38:07,2025-10-18,,ラッパーの生活,2025-09-12 22:38:07,
442,6688,15,,2025-09-12 22:38:07,2025-10-18,,よふかしのうた,2025-09-12 22:38:07,
442,6682,16,,2025-09-12 22:38:07,2025-10-18,,かくれんぼ,2025-09-12 22:38:07,
450,6932,1,,2025-09-12 22:38:07,2025-09-27,뮤즈 내한공연 (MUSE LIVE IN KOREA) 예상 셋리스트,Won't Stand Down,2025-09-12 22:38:07,
450,6921,2,,2025-09-12 22:38:07,2025-09-27,뮤즈 내한공연 (MUSE LIVE IN KOREA) 예상 셋리스트,Plug In Baby,2025-09-12 22:38:07,
450,6930,3,,2025-09-12 22:38:07,2025-09-27,뮤즈 내한공연 (MUSE LIVE IN KOREA) 예상 셋리스트,Verona,2025-09-12 22:38:07,
450,6929,4,,2025-09-12 22:38:07,2025-09-27,뮤즈 내한공연 (MUSE LIVE IN KOREA) 예상 셋리스트,Uprising,2025-09-12 22:38:07,
450,6918,5,,2025-09-12 22:38:07,2025-09-27,뮤즈 내한공연 (MUSE LIVE IN KOREA) 예상 셋리스트,Kill Or Be Killed,2025-09-12 22:38:07,
450,6923,6,,2025-09-12 22:38:07,2025-09-27,뮤즈 내한공연 (MUSE LIVE IN KOREA) 예상 셋리스트,Starlight,2025-09-12 22:38:07,
450,6922,7,,2025-09-12 22:38:07,2025-09-27,뮤즈 내한공연 (MUSE LIVE IN KOREA) 예상 셋리스트,Psycho,2025-09-12 22:38:07,
450,6919,8,,2025-09-12 22:38:07,2025-09-27,뮤즈 내한공연 (MUSE LIVE IN KOREA) 예상 셋리스트,Knights of Cydonia,2025-09-12 22:38:07,
450,6928,9,,2025-09-12 22:38:07,2025-09-27,뮤즈 내한공연 (MUSE LIVE IN KOREA) 예상 셋리스트,Time Is Running Out,2025-09-12 22:38:07,
450,6915,10,,2025-09-12 22:38:07,2025-09-27,뮤즈 내한공연 (MUSE LIVE IN KOREA) 예상 셋리스트,Bliss,2025-09-12 22:38:07,
450,6925,11,,2025-09-12 22:38:07,2025-09-27,뮤즈 내한공연 (MUSE LIVE IN KOREA) 예상 셋리스트,Supermassive Black Hole,2025-09-12 22:38:07,
450,6927,12,,2025-09-12 22:38:07,2025-09-27,뮤즈 내한공연 (MUSE LIVE IN KOREA) 예상 셋리스트,Thought Contagion,2025-09-12 22:38:07,
450,6924,13,,2025-09-12 22:38:07,2025-09-27,뮤즈 내한공연 (MUSE LIVE IN KOREA) 예상 셋리스트,Stockholm Syndrome,2025-09-12 22:38:07,
450,6931,14,,2025-09-12 22:38:07,2025-09-27,뮤즈 내한공연 (MUSE LIVE IN KOREA) 예상 셋리스트,Will Of The People,2025-09-12 22:38:07,
450,6920,15,,2025-09-12 22:38:07,2025-09-27,뮤즈 내한공연 (MUSE LIVE IN KOREA) 예상 셋리스트,Madness,2025-09-12 22:38:07,
450,6916,16,,2025-09-12 22:38:07,2025-09-27,뮤즈 내한공연 (MUSE LIVE IN KOREA) 예상 셋리스트,Compliance,2025-09-12 22:38:07,
450,6926,17,,2025-09-12 22:38:07,2025-09-27,뮤즈 내한공연 (MUSE LIVE IN KOREA) 예상 셋리스트,Take a Bow,2025-09-12 22:38:07,
450,6917,18,,2025-09-12 22:38:07,2025-09-27,뮤즈 내한공연 (MUSE LIVE IN KOREA) 예상 셋리스트,Hysteria,2025-09-12 22:38:07,
436,6731,1,,2025-09-12 22:38:07,2025-09-17,에릭 마틴 내한공연 예상 셋리스트,Voodoo Kiss,2025-09-12 22:38:07,
436,6721,2,,2025-09-12 22:38:07,2025-09-17,에릭 마틴 내한공연 예상 셋리스트,Goin' Where the Wind Blows,2025-09-12 22:38:07,
436,6719,3,,2025-09-12 22:38:07,2025-09-17,에릭 마틴 내한공연 예상 셋리스트,"Daddy, Brother, Lover, Little Boy (The Electric Dr",2025-09-12 22:38:07,
436,6718,4,,2025-09-12 22:38:07,2025-09-17,에릭 마틴 내한공연 예상 셋리스트,Colorado Bulldog,2025-09-12 22:38:07,
436,6722,5,,2025-09-12 22:38:07,2025-09-17,에릭 마틴 내한공연 예상 셋리스트,Green-Tinted Sixties Mind,2025-09-12 22:38:07,
436,6724,6,,2025-09-12 22:38:07,2025-09-17,에릭 마틴 내한공연 예상 셋리스트,Lucky Stars,2025-09-12 22:38:07,
436,6728,7,,2025-09-12 22:38:07,2025-09-17,에릭 마틴 내한공연 예상 셋리스트,Shine,2025-09-12 22:38:07,
436,6725,8,,2025-09-12 22:38:07,2025-09-17,에릭 마틴 내한공연 예상 셋리스트,My New Religion,2025-09-12 22:38:07,
436,6723,9,,2025-09-12 22:38:07,2025-09-17,에릭 마틴 내한공연 예상 셋리스트,Just Take My Heart,2025-09-12 22:38:07,
436,6726,10,,2025-09-12 22:38:07,2025-09-17,에릭 마틴 내한공연 예상 셋리스트,Promise Her the Moon,2025-09-12 22:38:07,
436,6732,11,,2025-09-12 22:38:07,2025-09-17,에릭 마틴 내한공연 예상 셋리스트,Wild World,2025-09-12 22:38:07,
436,6727,12,,2025-09-12 22:38:07,2025-09-17,에릭 마틴 내한공연 예상 셋리스트,Road to Ruin,2025-09-12 22:38:07,
436,6715,13,,2025-09-12 22:38:07,2025-09-17,에릭 마틴 내한공연 예상 셋리스트,Addicted to That Rush,2025-09-12 22:38:07,
436,6717,14,,2025-09-12 22:38:07,2025-09-17,에릭 마틴 내한공연 예상 셋리스트,American Beauty,2025-09-12 22:38:07,
436,6716,15,,2025-09-12 22:38:07,2025-09-17,에릭 마틴 내한공연 예상 셋리스트,Alive and Kickin',2025-09-12 22:38:07,
436,6720,16,,2025-09-12 22:38:07,2025-09-17,에릭 마틴 내한공연 예상 셋리스트,Everyday,2025-09-12 22:38:07,
436,6729,17,,2025-09-12 22:38:07,2025-09-17,에릭 마틴 내한공연 예상 셋리스트,Take Cover,2025-09-12 22:38:07,
436,6730,18,,2025-09-12 22:38:07,2025-09-17,에릭 마틴 내한공연 예상 셋리스트,To Be With You,2025-09-12 22:38:07,
