artist_name,concert_title,item_name,price,img_url
Eric Martin (에릭 마틴),에릭 마틴 내한공연,미니 배너,15000,
Eric Martin (에릭 마틴),에릭 마틴 내한공연,미니 배너,15000,
Eric Martin (에릭 마틴),에릭 마틴 내한공연,미니 배너,15000,
Eric Martin (에릭 마틴),에릭 마틴 내한공연,미니 배너,15000,
Eric Martin (에릭 마틴),에릭 마틴 내한공연,미니 배너,15000,
Eric Martin (에릭 마틴),에릭 마틴 내한공연,볼캡,35000,
Eric Martin (에릭 마틴),에릭 마틴 내한공연,볼캡,35000,
Eric Martin (에릭 마틴),에릭 마틴 내한공연,볼캡,35000,
Eric Martin (에릭 마틴),에릭 마틴 내한공연,볼캡,35000,
Eric Martin (에릭 마틴),에릭 마틴 내한공연,볼캡,35000,
Eric Martin (에릭 마틴),에릭 마틴 내한공연,캔버스백,25000,
Eric Martin (에릭 마틴),에릭 마틴 내한공연,캔버스백,25000,
Eric Martin (에릭 마틴),에릭 마틴 내한공연,캔버스백,25000,
Eric Martin (에릭 마틴),에릭 마틴 내한공연,캔버스백,25000,
Eric Martin (에릭 마틴),에릭 마틴 내한공연,캔버스백,25000,
Eric Martin (에릭 마틴),에릭 마틴 내한공연,투어 티셔츠,40000,
Eric Martin (에릭 마틴),에릭 마틴 내한공연,투어 티셔츠,40000,
Eric Martin (에릭 마틴),에릭 마틴 내한공연,투어 티셔츠,40000,
Eric Martin (에릭 마틴),에릭 마틴 내한공연,투어 티셔츠,40000,
Eric Martin (에릭 마틴),에릭 마틴 내한공연,투어 티셔츠,40000,
Eric Martin (에릭 마틴),에릭 마틴 내한공연,포스터 세트,10000,
Eric Martin (에릭 마틴),에릭 마틴 내한공연,포스터 세트,10000,
Eric Martin (에릭 마틴),에릭 마틴 내한공연,포스터 세트,10000,
Eric Martin (에릭 마틴),에릭 마틴 내한공연,포스터 세트,10000,
Eric Martin (에릭 마틴),에릭 마틴 내한공연,포스터 세트,10000,
Eric Martin (에릭 마틴),에릭 마틴 내한공연,피크 세트,10000,
Eric Martin (에릭 마틴),에릭 마틴 내한공연,피크 세트,10000,
Eric Martin (에릭 마틴),에릭 마틴 내한공연,피크 세트,10000,
Eric Martin (에릭 마틴),에릭 마틴 내한공연,피크 세트,10000,
Eric Martin (에릭 마틴),에릭 마틴 내한공연,피크 세트,10000,
Gen Hoshino (호시노 겐),Gen Hoshino presents MAD HOPE Asia Tour in SEOUL,"MAD HOPE ""Crazy Hope"" T-shirt (Black)",3500,https://d3vgh01g00y23c.cloudfront.net/products/374635_1_2.jpg
Gen Hoshino (호시노 겐),Gen Hoshino presents MAD HOPE Asia Tour in SEOUL,"MAD HOPE ""Crazy Hope"" T-shirt (Black)",3500,https://d3vgh01g00y23c.cloudfront.net/products/374635_1_2.jpg
Gen Hoshino (호시노 겐),Gen Hoshino presents MAD HOPE Asia Tour in SEOUL,"MAD HOPE ""Crazy Hope"" T-shirt (Black)",3500,https://d3vgh01g00y23c.cloudfront.net/products/374635_1_2.jpg
Gen Hoshino (호시노 겐),Gen Hoshino presents MAD HOPE Asia Tour in SEOUL,"MAD HOPE ""Crazy Hope"" T-shirt (Black)",3500,https://d3vgh01g00y23c.cloudfront.net/products/374635_1_2.jpg
Gen Hoshino (호시노 겐),Gen Hoshino presents MAD HOPE Asia Tour in SEOUL,"MAD HOPE ""Crazy Hope"" T-shirt (Black)",3500,https://d3vgh01g00y23c.cloudfront.net/products/374635_1_2.jpg
Gen Hoshino (호시노 겐),Gen Hoshino presents MAD HOPE Asia Tour in SEOUL,"MAD HOPE ""Crazy Hope"" T-shirt (White)",3500,https://d3vgh01g00y23c.cloudfront.net/products/374636_1_2.jpg
Gen Hoshino (호시노 겐),Gen Hoshino presents MAD HOPE Asia Tour in SEOUL,"MAD HOPE ""Crazy Hope"" T-shirt (White)",3500,https://d3vgh01g00y23c.cloudfront.net/products/374636_1_2.jpg
Gen Hoshino (호시노 겐),Gen Hoshino presents MAD HOPE Asia Tour in SEOUL,"MAD HOPE ""Crazy Hope"" T-shirt (White)",3500,https://d3vgh01g00y23c.cloudfront.net/products/374636_1_2.jpg
Gen Hoshino (호시노 겐),Gen Hoshino presents MAD HOPE Asia Tour in SEOUL,"MAD HOPE ""Crazy Hope"" T-shirt (White)",3500,https://d3vgh01g00y23c.cloudfront.net/products/374636_1_2.jpg
Gen Hoshino (호시노 겐),Gen Hoshino presents MAD HOPE Asia Tour in SEOUL,"MAD HOPE ""Crazy Hope"" T-shirt (White)",3500,https://d3vgh01g00y23c.cloudfront.net/products/374636_1_2.jpg
Gen Hoshino (호시노 겐),Gen Hoshino presents MAD HOPE Asia Tour in SEOUL,MAD HOPE Clear Folder Set,1000,https://d3vgh01g00y23c.cloudfront.net/products/374641_1_2.jpg
Gen Hoshino (호시노 겐),Gen Hoshino presents MAD HOPE Asia Tour in SEOUL,MAD HOPE Clear Folder Set,1000,https://d3vgh01g00y23c.cloudfront.net/products/374641_1_2.jpg
Gen Hoshino (호시노 겐),Gen Hoshino presents MAD HOPE Asia Tour in SEOUL,MAD HOPE Clear Folder Set,1000,https://d3vgh01g00y23c.cloudfront.net/products/374641_1_2.jpg
Gen Hoshino (호시노 겐),Gen Hoshino presents MAD HOPE Asia Tour in SEOUL,MAD HOPE Clear Folder Set,1000,https://d3vgh01g00y23c.cloudfront.net/products/374641_1_2.jpg
Gen Hoshino (호시노 겐),Gen Hoshino presents MAD HOPE Asia Tour in SEOUL,MAD HOPE Clear Folder Set,1000,https://d3vgh01g00y23c.cloudfront.net/products/374641_1_2.jpg
Gen Hoshino (호시노 겐),Gen Hoshino presents MAD HOPE Asia Tour in SEOUL,MAD HOPE Pouch,1800,https://d3vgh01g00y23c.cloudfront.net/products/374640_1_2.jpg
Gen Hoshino (호시노 겐),Gen Hoshino presents MAD HOPE Asia Tour in SEOUL,MAD HOPE Pouch,1800,https://d3vgh01g00y23c.cloudfront.net/products/374640_1_2.jpg
Gen Hoshino (호시노 겐),Gen Hoshino presents MAD HOPE Asia Tour in SEOUL,MAD HOPE Pouch,1800,https://d3vgh01g00y23c.cloudfront.net/products/374640_1_2.jpg
Gen Hoshino (호시노 겐),Gen Hoshino presents MAD HOPE Asia Tour in SEOUL,MAD HOPE Pouch,1800,https://d3vgh01g00y23c.cloudfront.net/products/374640_1_2.jpg
Gen Hoshino (호시노 겐),Gen Hoshino presents MAD HOPE Asia Tour in SEOUL,MAD HOPE Pouch,1800,https://d3vgh01g00y23c.cloudfront.net/products/374640_1_2.jpg
Gen Hoshino (호시노 겐),Gen Hoshino presents MAD HOPE Asia Tour in SEOUL,MAD HOPE Rubber Band,600,https://d3vgh01g00y23c.cloudfront.net/products/374638_1_2.jpg
Gen Hoshino (호시노 겐),Gen Hoshino presents MAD HOPE Asia Tour in SEOUL,MAD HOPE Rubber Band,600,https://d3vgh01g00y23c.cloudfront.net/products/374638_1_2.jpg
Gen Hoshino (호시노 겐),Gen Hoshino presents MAD HOPE Asia Tour in SEOUL,MAD HOPE Rubber Band,600,https://d3vgh01g00y23c.cloudfront.net/products/374638_1_2.jpg
Gen Hoshino (호시노 겐),Gen Hoshino presents MAD HOPE Asia Tour in SEOUL,MAD HOPE Rubber Band,600,https://d3vgh01g00y23c.cloudfront.net/products/374638_1_2.jpg
Gen Hoshino (호시노 겐),Gen Hoshino presents MAD HOPE Asia Tour in SEOUL,MAD HOPE Rubber Band,600,https://d3vgh01g00y23c.cloudfront.net/products/374638_1_2.jpg
Gen Hoshino (호시노 겐),Gen Hoshino presents MAD HOPE Asia Tour in SEOUL,MAD HOPE Towel,2000,https://d3vgh01g00y23c.cloudfront.net/products/374637_1_2.jpg
Gen Hoshino (호시노 겐),Gen Hoshino presents MAD HOPE Asia Tour in SEOUL,MAD HOPE Towel,2000,https://d3vgh01g00y23c.cloudfront.net/products/374637_1_2.jpg
Gen Hoshino (호시노 겐),Gen Hoshino presents MAD HOPE Asia Tour in SEOUL,MAD HOPE Towel,2000,https://d3vgh01g00y23c.cloudfront.net/products/374637_1_2.jpg
Gen Hoshino (호시노 겐),Gen Hoshino presents MAD HOPE Asia Tour in SEOUL,MAD HOPE Towel,2000,https://d3vgh01g00y23c.cloudfront.net/products/374637_1_2.jpg
Gen Hoshino (호시노 겐),Gen Hoshino presents MAD HOPE Asia Tour in SEOUL,MAD HOPE Towel,2000,https://d3vgh01g00y23c.cloudfront.net/products/374637_1_2.jpg
JVKE (제이크),"제이크 첫 단독 내한공연, JVKE LIVE IN SEOUL",JVKE LIVE IN SEOUL Cap (Black),30000,https://cdn.shopify.com/s/files/1/0530/2324/5354/products/JVKE_Merch_Thumbnail_CAP_BLACK.jpg?v=1691039803
JVKE (제이크),"제이크 첫 단독 내한공연, JVKE LIVE IN SEOUL",JVKE LIVE IN SEOUL Cap (Black),30000,https://cdn.shopify.com/s/files/1/0530/2324/5354/products/JVKE_Merch_Thumbnail_CAP_BLACK.jpg?v=1691039803
JVKE (제이크),"제이크 첫 단독 내한공연, JVKE LIVE IN SEOUL",JVKE LIVE IN SEOUL Cap (Black),30000,https://cdn.shopify.com/s/files/1/0530/2324/5354/products/JVKE_Merch_Thumbnail_CAP_BLACK.jpg?v=1691039803
JVKE (제이크),"제이크 첫 단독 내한공연, JVKE LIVE IN SEOUL",JVKE LIVE IN SEOUL Cap (Black),30000,https://cdn.shopify.com/s/files/1/0530/2324/5354/products/JVKE_Merch_Thumbnail_CAP_BLACK.jpg?v=1691039803
JVKE (제이크),"제이크 첫 단독 내한공연, JVKE LIVE IN SEOUL",JVKE LIVE IN SEOUL Cap (Black),30000,https://cdn.shopify.com/s/files/1/0530/2324/5354/products/JVKE_Merch_Thumbnail_CAP_BLACK.jpg?v=1691039803
JVKE (제이크),"제이크 첫 단독 내한공연, JVKE LIVE IN SEOUL",JVKE LIVE IN SEOUL Hoodie (Grey),69000,https://cdn.shopify.com/s/files/1/0530/2324/5354/products/JVKE_Merch_Thumbnail_Hoodie_GRAY.jpg?v=1691039803
JVKE (제이크),"제이크 첫 단독 내한공연, JVKE LIVE IN SEOUL",JVKE LIVE IN SEOUL Hoodie (Grey),69000,https://cdn.shopify.com/s/files/1/0530/2324/5354/products/JVKE_Merch_Thumbnail_Hoodie_GRAY.jpg?v=1691039803
JVKE (제이크),"제이크 첫 단독 내한공연, JVKE LIVE IN SEOUL",JVKE LIVE IN SEOUL Hoodie (Grey),69000,https://cdn.shopify.com/s/files/1/0530/2324/5354/products/JVKE_Merch_Thumbnail_Hoodie_GRAY.jpg?v=1691039803
JVKE (제이크),"제이크 첫 단독 내한공연, JVKE LIVE IN SEOUL",JVKE LIVE IN SEOUL Hoodie (Grey),69000,https://cdn.shopify.com/s/files/1/0530/2324/5354/products/JVKE_Merch_Thumbnail_Hoodie_GRAY.jpg?v=1691039803
JVKE (제이크),"제이크 첫 단독 내한공연, JVKE LIVE IN SEOUL",JVKE LIVE IN SEOUL Hoodie (Grey),69000,https://cdn.shopify.com/s/files/1/0530/2324/5354/products/JVKE_Merch_Thumbnail_Hoodie_GRAY.jpg?v=1691039803
JVKE (제이크),"제이크 첫 단독 내한공연, JVKE LIVE IN SEOUL",JVKE LIVE IN SEOUL Photo Card Set (8EA),13000,https://cdn.shopify.com/s/files/1/0530/2324/5354/products/JVKE_Merch_Thumbnail_PHOTO_CARD.jpg?v=1691039803
JVKE (제이크),"제이크 첫 단독 내한공연, JVKE LIVE IN SEOUL",JVKE LIVE IN SEOUL Photo Card Set (8EA),13000,https://cdn.shopify.com/s/files/1/0530/2324/5354/products/JVKE_Merch_Thumbnail_PHOTO_CARD.jpg?v=1691039803
JVKE (제이크),"제이크 첫 단독 내한공연, JVKE LIVE IN SEOUL",JVKE LIVE IN SEOUL Photo Card Set (8EA),13000,https://cdn.shopify.com/s/files/1/0530/2324/5354/products/JVKE_Merch_Thumbnail_PHOTO_CARD.jpg?v=1691039803
JVKE (제이크),"제이크 첫 단독 내한공연, JVKE LIVE IN SEOUL",JVKE LIVE IN SEOUL Photo Card Set (8EA),13000,https://cdn.shopify.com/s/files/1/0530/2324/5354/products/JVKE_Merch_Thumbnail_PHOTO_CARD.jpg?v=1691039803
JVKE (제이크),"제이크 첫 단독 내한공연, JVKE LIVE IN SEOUL",JVKE LIVE IN SEOUL Photo Card Set (8EA),13000,https://cdn.shopify.com/s/files/1/0530/2324/5354/products/JVKE_Merch_Thumbnail_PHOTO_CARD.jpg?v=1691039803
JVKE (제이크),"제이크 첫 단독 내한공연, JVKE LIVE IN SEOUL",JVKE LIVE IN SEOUL Poster Set (2EA),18000,https://cdn.shopify.com/s/files/1/0530/2324/5354/products/JVKE_Merch_Thumbnail_POSTER.jpg?v=1691039803
JVKE (제이크),"제이크 첫 단독 내한공연, JVKE LIVE IN SEOUL",JVKE LIVE IN SEOUL Poster Set (2EA),18000,https://cdn.shopify.com/s/files/1/0530/2324/5354/products/JVKE_Merch_Thumbnail_POSTER.jpg?v=1691039803
JVKE (제이크),"제이크 첫 단독 내한공연, JVKE LIVE IN SEOUL",JVKE LIVE IN SEOUL Poster Set (2EA),18000,https://cdn.shopify.com/s/files/1/0530/2324/5354/products/JVKE_Merch_Thumbnail_POSTER.jpg?v=1691039803
JVKE (제이크),"제이크 첫 단독 내한공연, JVKE LIVE IN SEOUL",JVKE LIVE IN SEOUL Poster Set (2EA),18000,https://cdn.shopify.com/s/files/1/0530/2324/5354/products/JVKE_Merch_Thumbnail_POSTER.jpg?v=1691039803
JVKE (제이크),"제이크 첫 단독 내한공연, JVKE LIVE IN SEOUL",JVKE LIVE IN SEOUL Poster Set (2EA),18000,https://cdn.shopify.com/s/files/1/0530/2324/5354/products/JVKE_Merch_Thumbnail_POSTER.jpg?v=1691039803
JVKE (제이크),"제이크 첫 단독 내한공연, JVKE LIVE IN SEOUL",JVKE LIVE IN SEOUL T-shirt (Black),39000,https://cdn.shopify.com/s/files/1/0530/2324/5354/products/JVKE_Merch_Thumbnail_T-shirt_BLACK.jpg?v=1691039803
JVKE (제이크),"제이크 첫 단독 내한공연, JVKE LIVE IN SEOUL",JVKE LIVE IN SEOUL T-shirt (Black),39000,https://cdn.shopify.com/s/files/1/0530/2324/5354/products/JVKE_Merch_Thumbnail_T-shirt_BLACK.jpg?v=1691039803
JVKE (제이크),"제이크 첫 단독 내한공연, JVKE LIVE IN SEOUL",JVKE LIVE IN SEOUL T-shirt (Black),39000,https://cdn.shopify.com/s/files/1/0530/2324/5354/products/JVKE_Merch_Thumbnail_T-shirt_BLACK.jpg?v=1691039803
JVKE (제이크),"제이크 첫 단독 내한공연, JVKE LIVE IN SEOUL",JVKE LIVE IN SEOUL T-shirt (Black),39000,https://cdn.shopify.com/s/files/1/0530/2324/5354/products/JVKE_Merch_Thumbnail_T-shirt_BLACK.jpg?v=1691039803
JVKE (제이크),"제이크 첫 단독 내한공연, JVKE LIVE IN SEOUL",JVKE LIVE IN SEOUL T-shirt (Black),39000,https://cdn.shopify.com/s/files/1/0530/2324/5354/products/JVKE_Merch_Thumbnail_T-shirt_BLACK.jpg?v=1691039803
JVKE (제이크),"제이크 첫 단독 내한공연, JVKE LIVE IN SEOUL",JVKE LIVE IN SEOUL T-shirt (White),39000,https://cdn.shopify.com/s/files/1/0530/2324/5354/products/JVKE_Merch_Thumbnail_T-shirt_WHITE.jpg?v=1691039803
JVKE (제이크),"제이크 첫 단독 내한공연, JVKE LIVE IN SEOUL",JVKE LIVE IN SEOUL T-shirt (White),39000,https://cdn.shopify.com/s/files/1/0530/2324/5354/products/JVKE_Merch_Thumbnail_T-shirt_WHITE.jpg?v=1691039803
JVKE (제이크),"제이크 첫 단독 내한공연, JVKE LIVE IN SEOUL",JVKE LIVE IN SEOUL T-shirt (White),39000,https://cdn.shopify.com/s/files/1/0530/2324/5354/products/JVKE_Merch_Thumbnail_T-shirt_WHITE.jpg?v=1691039803
JVKE (제이크),"제이크 첫 단독 내한공연, JVKE LIVE IN SEOUL",JVKE LIVE IN SEOUL T-shirt (White),39000,https://cdn.shopify.com/s/files/1/0530/2324/5354/products/JVKE_Merch_Thumbnail_T-shirt_WHITE.jpg?v=1691039803
JVKE (제이크),"제이크 첫 단독 내한공연, JVKE LIVE IN SEOUL",JVKE LIVE IN SEOUL T-shirt (White),39000,https://cdn.shopify.com/s/files/1/0530/2324/5354/products/JVKE_Merch_Thumbnail_T-shirt_WHITE.jpg?v=1691039803
SAKIYAMA SOUSHI (사키야마 소우시),"SAKIYAMA SOUSHI 연주이야기 투어, DIARY",BADGE SET,20000,https://pbs.twimg.com/media/GPK5vYgbQAALJtH?format=jpg&name=orig
SAKIYAMA SOUSHI (사키야마 소우시),"SAKIYAMA SOUSHI 연주이야기 투어, DIARY",BADGE SET,20000,https://pbs.twimg.com/media/GPK5vYgbQAALJtH?format=jpg&name=orig
SAKIYAMA SOUSHI (사키야마 소우시),"SAKIYAMA SOUSHI 연주이야기 투어, DIARY",BADGE SET,20000,https://pbs.twimg.com/media/GPK5vYgbQAALJtH?format=jpg&name=orig
SAKIYAMA SOUSHI (사키야마 소우시),"SAKIYAMA SOUSHI 연주이야기 투어, DIARY",BADGE SET,20000,https://pbs.twimg.com/media/GPK5vYgbQAALJtH?format=jpg&name=orig
SAKIYAMA SOUSHI (사키야마 소우시),"SAKIYAMA SOUSHI 연주이야기 투어, DIARY",BADGE SET,20000,https://pbs.twimg.com/media/GPK5vYgbQAALJtH?format=jpg&name=orig
SAKIYAMA SOUSHI (사키야마 소우시),"SAKIYAMA SOUSHI 연주이야기 투어, DIARY",LIVE T-SHIRT (M/L/XL),40000,https://pbs.twimg.com/media/GPK5vYgbQAALJtH?format=jpg&name=orig
SAKIYAMA SOUSHI (사키야마 소우시),"SAKIYAMA SOUSHI 연주이야기 투어, DIARY",LIVE T-SHIRT (M/L/XL),40000,https://pbs.twimg.com/media/GPK5vYgbQAALJtH?format=jpg&name=orig
SAKIYAMA SOUSHI (사키야마 소우시),"SAKIYAMA SOUSHI 연주이야기 투어, DIARY",LIVE T-SHIRT (M/L/XL),40000,https://pbs.twimg.com/media/GPK5vYgbQAALJtH?format=jpg&name=orig
SAKIYAMA SOUSHI (사키야마 소우시),"SAKIYAMA SOUSHI 연주이야기 투어, DIARY",LIVE T-SHIRT (M/L/XL),40000,https://pbs.twimg.com/media/GPK5vYgbQAALJtH?format=jpg&name=orig
SAKIYAMA SOUSHI (사키야마 소우시),"SAKIYAMA SOUSHI 연주이야기 투어, DIARY",LIVE T-SHIRT (M/L/XL),40000,https://pbs.twimg.com/media/GPK5vYgbQAALJtH?format=jpg&name=orig
SAKIYAMA SOUSHI (사키야마 소우시),"SAKIYAMA SOUSHI 연주이야기 투어, DIARY",PENLIGHT,20000,https://pbs.twimg.com/media/GPK5vYgbQAALJtH?format=jpg&name=orig
SAKIYAMA SOUSHI (사키야마 소우시),"SAKIYAMA SOUSHI 연주이야기 투어, DIARY",PENLIGHT,20000,https://pbs.twimg.com/media/GPK5vYgbQAALJtH?format=jpg&name=orig
SAKIYAMA SOUSHI (사키야마 소우시),"SAKIYAMA SOUSHI 연주이야기 투어, DIARY",PENLIGHT,20000,https://pbs.twimg.com/media/GPK5vYgbQAALJtH?format=jpg&name=orig
SAKIYAMA SOUSHI (사키야마 소우시),"SAKIYAMA SOUSHI 연주이야기 투어, DIARY",PENLIGHT,20000,https://pbs.twimg.com/media/GPK5vYgbQAALJtH?format=jpg&name=orig
SAKIYAMA SOUSHI (사키야마 소우시),"SAKIYAMA SOUSHI 연주이야기 투어, DIARY",PENLIGHT,20000,https://pbs.twimg.com/media/GPK5vYgbQAALJtH?format=jpg&name=orig
SAKIYAMA SOUSHI (사키야마 소우시),"SAKIYAMA SOUSHI 연주이야기 투어, DIARY",STICKER SET,15000,https://pbs.twimg.com/media/GPK5vYgbQAALJtH?format=jpg&name=orig
SAKIYAMA SOUSHI (사키야마 소우시),"SAKIYAMA SOUSHI 연주이야기 투어, DIARY",STICKER SET,15000,https://pbs.twimg.com/media/GPK5vYgbQAALJtH?format=jpg&name=orig
SAKIYAMA SOUSHI (사키야마 소우시),"SAKIYAMA SOUSHI 연주이야기 투어, DIARY",STICKER SET,15000,https://pbs.twimg.com/media/GPK5vYgbQAALJtH?format=jpg&name=orig
SAKIYAMA SOUSHI (사키야마 소우시),"SAKIYAMA SOUSHI 연주이야기 투어, DIARY",STICKER SET,15000,https://pbs.twimg.com/media/GPK5vYgbQAALJtH?format=jpg&name=orig
SAKIYAMA SOUSHI (사키야마 소우시),"SAKIYAMA SOUSHI 연주이야기 투어, DIARY",STICKER SET,15000,https://pbs.twimg.com/media/GPK5vYgbQAALJtH?format=jpg&name=orig
SAKIYAMA SOUSHI (사키야마 소우시),"SAKIYAMA SOUSHI 연주이야기 투어, DIARY",TOTE BAG,30000,https://pbs.twimg.com/media/GPK5vYgbQAALJtH?format=jpg&name=orig
SAKIYAMA SOUSHI (사키야마 소우시),"SAKIYAMA SOUSHI 연주이야기 투어, DIARY",TOTE BAG,30000,https://pbs.twimg.com/media/GPK5vYgbQAALJtH?format=jpg&name=orig
SAKIYAMA SOUSHI (사키야마 소우시),"SAKIYAMA SOUSHI 연주이야기 투어, DIARY",TOTE BAG,30000,https://pbs.twimg.com/media/GPK5vYgbQAALJtH?format=jpg&name=orig
SAKIYAMA SOUSHI (사키야마 소우시),"SAKIYAMA SOUSHI 연주이야기 투어, DIARY",TOTE BAG,30000,https://pbs.twimg.com/media/GPK5vYgbQAALJtH?format=jpg&name=orig
SAKIYAMA SOUSHI (사키야마 소우시),"SAKIYAMA SOUSHI 연주이야기 투어, DIARY",TOTE BAG,30000,https://pbs.twimg.com/media/GPK5vYgbQAALJtH?format=jpg&name=orig
SAKIYAMA SOUSHI (사키야마 소우시),"SAKIYAMA SOUSHI 연주이야기 투어, DIARY",TOWEL,25000,https://pbs.twimg.com/media/GPK5vYgbQAALJtH?format=jpg&name=orig
SAKIYAMA SOUSHI (사키야마 소우시),"SAKIYAMA SOUSHI 연주이야기 투어, DIARY",TOWEL,25000,https://pbs.twimg.com/media/GPK5vYgbQAALJtH?format=jpg&name=orig
SAKIYAMA SOUSHI (사키야마 소우시),"SAKIYAMA SOUSHI 연주이야기 투어, DIARY",TOWEL,25000,https://pbs.twimg.com/media/GPK5vYgbQAALJtH?format=jpg&name=orig
SAKIYAMA SOUSHI (사키야마 소우시),"SAKIYAMA SOUSHI 연주이야기 투어, DIARY",TOWEL,25000,https://pbs.twimg.com/media/GPK5vYgbQAALJtH?format=jpg&name=orig
SAKIYAMA SOUSHI (사키야마 소우시),"SAKIYAMA SOUSHI 연주이야기 투어, DIARY",TOWEL,25000,https://pbs.twimg.com/media/GPK5vYgbQAALJtH?format=jpg&name=orig
SEKAI NO OWARI (세카이 노 오와리),SEKAI NO OWARI ASIA TOUR: Phoenix in Seoul,Bag,30000,https://postfiles.pstatic.net/MjAyNDAzMTFfMTc1/MDAxNzEwMTQxOTQ3MzM5.yqQJ_3Fh3_tXF9hUvCyk849L8kQ_0xO7g2Jd_qN_h6sg.uP8Xy_TqPjL5Qx-7sV-q32DQQ-O6v912z5w4uXhR1Bsg.JPEG/IMG_6186.jpeg?type=w966
SEKAI NO OWARI (세카이 노 오와리),SEKAI NO OWARI ASIA TOUR: Phoenix in Seoul,Bag,30000,https://postfiles.pstatic.net/MjAyNDAzMTFfMTc1/MDAxNzEwMTQxOTQ3MzM5.yqQJ_3Fh3_tXF9hUvCyk849L8kQ_0xO7g2Jd_qN_h6sg.uP8Xy_TqPjL5Qx-7sV-q32DQQ-O6v912z5w4uXhR1Bsg.JPEG/IMG_6186.jpeg?type=w966
SEKAI NO OWARI (세카이 노 오와리),SEKAI NO OWARI ASIA TOUR: Phoenix in Seoul,Bag,30000,https://postfiles.pstatic.net/MjAyNDAzMTFfMTc1/MDAxNzEwMTQxOTQ3MzM5.yqQJ_3Fh3_tXF9hUvCyk849L8kQ_0xO7g2Jd_qN_h6sg.uP8Xy_TqPjL5Qx-7sV-q32DQQ-O6v912z5w4uXhR1Bsg.JPEG/IMG_6186.jpeg?type=w966
SEKAI NO OWARI (세카이 노 오와리),SEKAI NO OWARI ASIA TOUR: Phoenix in Seoul,Bag,30000,https://postfiles.pstatic.net/MjAyNDAzMTFfMTc1/MDAxNzEwMTQxOTQ3MzM5.yqQJ_3Fh3_tXF9hUvCyk849L8kQ_0xO7g2Jd_qN_h6sg.uP8Xy_TqPjL5Qx-7sV-q32DQQ-O6v912z5w4uXhR1Bsg.JPEG/IMG_6186.jpeg?type=w966
SEKAI NO OWARI (세카이 노 오와리),SEKAI NO OWARI ASIA TOUR: Phoenix in Seoul,Bag,30000,https://postfiles.pstatic.net/MjAyNDAzMTFfMTc1/MDAxNzEwMTQxOTQ3MzM5.yqQJ_3Fh3_tXF9hUvCyk849L8kQ_0xO7g2Jd_qN_h6sg.uP8Xy_TqPjL5Qx-7sV-q32DQQ-O6v912z5w4uXhR1Bsg.JPEG/IMG_6186.jpeg?type=w966
SEKAI NO OWARI (세카이 노 오와리),SEKAI NO OWARI ASIA TOUR: Phoenix in Seoul,Bracelet,18000,https://postfiles.pstatic.net/MjAyNDAzMTFfMTc1/MDAxNzEwMTQxOTQ3MzM5.yqQJ_3Fh3_tXF9hUvCyk849L8kQ_0xO7g2Jd_qN_h6sg.uP8Xy_TqPjL5Qx-7sV-q32DQQ-O6v912z5w4uXhR1Bsg.JPEG/IMG_6186.jpeg?type=w966
SEKAI NO OWARI (세카이 노 오와리),SEKAI NO OWARI ASIA TOUR: Phoenix in Seoul,Bracelet,18000,https://postfiles.pstatic.net/MjAyNDAzMTFfMTc1/MDAxNzEwMTQxOTQ3MzM5.yqQJ_3Fh3_tXF9hUvCyk849L8kQ_0xO7g2Jd_qN_h6sg.uP8Xy_TqPjL5Qx-7sV-q32DQQ-O6v912z5w4uXhR1Bsg.JPEG/IMG_6186.jpeg?type=w966
SEKAI NO OWARI (세카이 노 오와리),SEKAI NO OWARI ASIA TOUR: Phoenix in Seoul,Bracelet,18000,https://postfiles.pstatic.net/MjAyNDAzMTFfMTc1/MDAxNzEwMTQxOTQ3MzM5.yqQJ_3Fh3_tXF9hUvCyk849L8kQ_0xO7g2Jd_qN_h6sg.uP8Xy_TqPjL5Qx-7sV-q32DQQ-O6v912z5w4uXhR1Bsg.JPEG/IMG_6186.jpeg?type=w966
SEKAI NO OWARI (세카이 노 오와리),SEKAI NO OWARI ASIA TOUR: Phoenix in Seoul,Bracelet,18000,https://postfiles.pstatic.net/MjAyNDAzMTFfMTc1/MDAxNzEwMTQxOTQ3MzM5.yqQJ_3Fh3_tXF9hUvCyk849L8kQ_0xO7g2Jd_qN_h6sg.uP8Xy_TqPjL5Qx-7sV-q32DQQ-O6v912z5w4uXhR1Bsg.JPEG/IMG_6186.jpeg?type=w966
SEKAI NO OWARI (세카이 노 오와리),SEKAI NO OWARI ASIA TOUR: Phoenix in Seoul,Bracelet,18000,https://postfiles.pstatic.net/MjAyNDAzMTFfMTc1/MDAxNzEwMTQxOTQ3MzM5.yqQJ_3Fh3_tXF9hUvCyk849L8kQ_0xO7g2Jd_qN_h6sg.uP8Xy_TqPjL5Qx-7sV-q32DQQ-O6v912z5w4uXhR1Bsg.JPEG/IMG_6186.jpeg?type=w966
SEKAI NO OWARI (세카이 노 오와리),SEKAI NO OWARI ASIA TOUR: Phoenix in Seoul,Can Badge Set (2ea),12000,https://postfiles.pstatic.net/MjAyNDAzMTFfMTc1/MDAxNzEwMTQxOTQ3MzM5.yqQJ_3Fh3_tXF9hUvCyk849L8kQ_0xO7g2Jd_qN_h6sg.uP8Xy_TqPjL5Qx-7sV-q32DQQ-O6v912z5w4uXhR1Bsg.JPEG/IMG_6186.jpeg?type=w966
SEKAI NO OWARI (세카이 노 오와리),SEKAI NO OWARI ASIA TOUR: Phoenix in Seoul,Can Badge Set (2ea),12000,https://postfiles.pstatic.net/MjAyNDAzMTFfMTc1/MDAxNzEwMTQxOTQ3MzM5.yqQJ_3Fh3_tXF9hUvCyk849L8kQ_0xO7g2Jd_qN_h6sg.uP8Xy_TqPjL5Qx-7sV-q32DQQ-O6v912z5w4uXhR1Bsg.JPEG/IMG_6186.jpeg?type=w966
SEKAI NO OWARI (세카이 노 오와리),SEKAI NO OWARI ASIA TOUR: Phoenix in Seoul,Can Badge Set (2ea),12000,https://postfiles.pstatic.net/MjAyNDAzMTFfMTc1/MDAxNzEwMTQxOTQ3MzM5.yqQJ_3Fh3_tXF9hUvCyk849L8kQ_0xO7g2Jd_qN_h6sg.uP8Xy_TqPjL5Qx-7sV-q32DQQ-O6v912z5w4uXhR1Bsg.JPEG/IMG_6186.jpeg?type=w966
SEKAI NO OWARI (세카이 노 오와리),SEKAI NO OWARI ASIA TOUR: Phoenix in Seoul,Can Badge Set (2ea),12000,https://postfiles.pstatic.net/MjAyNDAzMTFfMTc1/MDAxNzEwMTQxOTQ3MzM5.yqQJ_3Fh3_tXF9hUvCyk849L8kQ_0xO7g2Jd_qN_h6sg.uP8Xy_TqPjL5Qx-7sV-q32DQQ-O6v912z5w4uXhR1Bsg.JPEG/IMG_6186.jpeg?type=w966
SEKAI NO OWARI (세카이 노 오와리),SEKAI NO OWARI ASIA TOUR: Phoenix in Seoul,Can Badge Set (2ea),12000,https://postfiles.pstatic.net/MjAyNDAzMTFfMTc1/MDAxNzEwMTQxOTQ3MzM5.yqQJ_3Fh3_tXF9hUvCyk849L8kQ_0xO7g2Jd_qN_h6sg.uP8Xy_TqPjL5Qx-7sV-q32DQQ-O6v912z5w4uXhR1Bsg.JPEG/IMG_6186.jpeg?type=w966
SEKAI NO OWARI (세카이 노 오와리),SEKAI NO OWARI ASIA TOUR: Phoenix in Seoul,Pouch,20000,https://postfiles.pstatic.net/MjAyNDAzMTFfMTc1/MDAxNzEwMTQxOTQ3MzM5.yqQJ_3Fh3_tXF9hUvCyk849L8kQ_0xO7g2Jd_qN_h6sg.uP8Xy_TqPjL5Qx-7sV-q32DQQ-O6v912z5w4uXhR1Bsg.JPEG/IMG_6186.jpeg?type=w966
SEKAI NO OWARI (세카이 노 오와리),SEKAI NO OWARI ASIA TOUR: Phoenix in Seoul,Pouch,20000,https://postfiles.pstatic.net/MjAyNDAzMTFfMTc1/MDAxNzEwMTQxOTQ3MzM5.yqQJ_3Fh3_tXF9hUvCyk849L8kQ_0xO7g2Jd_qN_h6sg.uP8Xy_TqPjL5Qx-7sV-q32DQQ-O6v912z5w4uXhR1Bsg.JPEG/IMG_6186.jpeg?type=w966
SEKAI NO OWARI (세카이 노 오와리),SEKAI NO OWARI ASIA TOUR: Phoenix in Seoul,Pouch,20000,https://postfiles.pstatic.net/MjAyNDAzMTFfMTc1/MDAxNzEwMTQxOTQ3MzM5.yqQJ_3Fh3_tXF9hUvCyk849L8kQ_0xO7g2Jd_qN_h6sg.uP8Xy_TqPjL5Qx-7sV-q32DQQ-O6v912z5w4uXhR1Bsg.JPEG/IMG_6186.jpeg?type=w966
SEKAI NO OWARI (세카이 노 오와리),SEKAI NO OWARI ASIA TOUR: Phoenix in Seoul,Pouch,20000,https://postfiles.pstatic.net/MjAyNDAzMTFfMTc1/MDAxNzEwMTQxOTQ3MzM5.yqQJ_3Fh3_tXF9hUvCyk849L8kQ_0xO7g2Jd_qN_h6sg.uP8Xy_TqPjL5Qx-7sV-q32DQQ-O6v912z5w4uXhR1Bsg.JPEG/IMG_6186.jpeg?type=w966
SEKAI NO OWARI (세카이 노 오와리),SEKAI NO OWARI ASIA TOUR: Phoenix in Seoul,Pouch,20000,https://postfiles.pstatic.net/MjAyNDAzMTFfMTc1/MDAxNzEwMTQxOTQ3MzM5.yqQJ_3Fh3_tXF9hUvCyk849L8kQ_0xO7g2Jd_qN_h6sg.uP8Xy_TqPjL5Qx-7sV-q32DQQ-O6v912z5w4uXhR1Bsg.JPEG/IMG_6186.jpeg?type=w966
SEKAI NO OWARI (세카이 노 오와리),SEKAI NO OWARI ASIA TOUR: Phoenix in Seoul,Rubber Band,10000,https://postfiles.pstatic.net/MjAyNDAzMTFfMTc1/MDAxNzEwMTQxOTQ3MzM5.yqQJ_3Fh3_tXF9hUvCyk849L8kQ_0xO7g2Jd_qN_h6sg.uP8Xy_TqPjL5Qx-7sV-q32DQQ-O6v912z5w4uXhR1Bsg.JPEG/IMG_6186.jpeg?type=w966
SEKAI NO OWARI (세카이 노 오와리),SEKAI NO OWARI ASIA TOUR: Phoenix in Seoul,Rubber Band,10000,https://postfiles.pstatic.net/MjAyNDAzMTFfMTc1/MDAxNzEwMTQxOTQ3MzM5.yqQJ_3Fh3_tXF9hUvCyk849L8kQ_0xO7g2Jd_qN_h6sg.uP8Xy_TqPjL5Qx-7sV-q32DQQ-O6v912z5w4uXhR1Bsg.JPEG/IMG_6186.jpeg?type=w966
SEKAI NO OWARI (세카이 노 오와리),SEKAI NO OWARI ASIA TOUR: Phoenix in Seoul,Rubber Band,10000,https://postfiles.pstatic.net/MjAyNDAzMTFfMTc1/MDAxNzEwMTQxOTQ3MzM5.yqQJ_3Fh3_tXF9hUvCyk849L8kQ_0xO7g2Jd_qN_h6sg.uP8Xy_TqPjL5Qx-7sV-q32DQQ-O6v912z5w4uXhR1Bsg.JPEG/IMG_6186.jpeg?type=w966
SEKAI NO OWARI (세카이 노 오와리),SEKAI NO OWARI ASIA TOUR: Phoenix in Seoul,Rubber Band,10000,https://postfiles.pstatic.net/MjAyNDAzMTFfMTc1/MDAxNzEwMTQxOTQ3MzM5.yqQJ_3Fh3_tXF9hUvCyk849L8kQ_0xO7g2Jd_qN_h6sg.uP8Xy_TqPjL5Qx-7sV-q32DQQ-O6v912z5w4uXhR1Bsg.JPEG/IMG_6186.jpeg?type=w966
SEKAI NO OWARI (세카이 노 오와리),SEKAI NO OWARI ASIA TOUR: Phoenix in Seoul,Rubber Band,10000,https://postfiles.pstatic.net/MjAyNDAzMTFfMTc1/MDAxNzEwMTQxOTQ3MzM5.yqQJ_3Fh3_tXF9hUvCyk849L8kQ_0xO7g2Jd_qN_h6sg.uP8Xy_TqPjL5Qx-7sV-q32DQQ-O6v912z5w4uXhR1Bsg.JPEG/IMG_6186.jpeg?type=w966
SEKAI NO OWARI (세카이 노 오와리),SEKAI NO OWARI ASIA TOUR: Phoenix in Seoul,"T-Shirt (M, L, XL)",45000,https://postfiles.pstatic.net/MjAyNDAzMTFfMTc1/MDAxNzEwMTQxOTQ3MzM5.yqQJ_3Fh3_tXF9hUvCyk849L8kQ_0xO7g2Jd_qN_h6sg.uP8Xy_TqPjL5Qx-7sV-q32DQQ-O6v912z5w4uXhR1Bsg.JPEG/IMG_6186.jpeg?type=w966
SEKAI NO OWARI (세카이 노 오와리),SEKAI NO OWARI ASIA TOUR: Phoenix in Seoul,"T-Shirt (M, L, XL)",45000,https://postfiles.pstatic.net/MjAyNDAzMTFfMTc1/MDAxNzEwMTQxOTQ3MzM5.yqQJ_3Fh3_tXF9hUvCyk849L8kQ_0xO7g2Jd_qN_h6sg.uP8Xy_TqPjL5Qx-7sV-q32DQQ-O6v912z5w4uXhR1Bsg.JPEG/IMG_6186.jpeg?type=w966
SEKAI NO OWARI (세카이 노 오와리),SEKAI NO OWARI ASIA TOUR: Phoenix in Seoul,"T-Shirt (M, L, XL)",45000,https://postfiles.pstatic.net/MjAyNDAzMTFfMTc1/MDAxNzEwMTQxOTQ3MzM5.yqQJ_3Fh3_tXF9hUvCyk849L8kQ_0xO7g2Jd_qN_h6sg.uP8Xy_TqPjL5Qx-7sV-q32DQQ-O6v912z5w4uXhR1Bsg.JPEG/IMG_6186.jpeg?type=w966
SEKAI NO OWARI (세카이 노 오와리),SEKAI NO OWARI ASIA TOUR: Phoenix in Seoul,"T-Shirt (M, L, XL)",45000,https://postfiles.pstatic.net/MjAyNDAzMTFfMTc1/MDAxNzEwMTQxOTQ3MzM5.yqQJ_3Fh3_tXF9hUvCyk849L8kQ_0xO7g2Jd_qN_h6sg.uP8Xy_TqPjL5Qx-7sV-q32DQQ-O6v912z5w4uXhR1Bsg.JPEG/IMG_6186.jpeg?type=w966
SEKAI NO OWARI (세카이 노 오와리),SEKAI NO OWARI ASIA TOUR: Phoenix in Seoul,"T-Shirt (M, L, XL)",45000,https://postfiles.pstatic.net/MjAyNDAzMTFfMTc1/MDAxNzEwMTQxOTQ3MzM5.yqQJ_3Fh3_tXF9hUvCyk849L8kQ_0xO7g2Jd_qN_h6sg.uP8Xy_TqPjL5Qx-7sV-q32DQQ-O6v912z5w4uXhR1Bsg.JPEG/IMG_6186.jpeg?type=w966
SEKAI NO OWARI (세카이 노 오와리),SEKAI NO OWARI ASIA TOUR: Phoenix in Seoul,Towel,28000,https://postfiles.pstatic.net/MjAyNDAzMTFfMTc1/MDAxNzEwMTQxOTQ3MzM5.yqQJ_3Fh3_tXF9hUvCyk849L8kQ_0xO7g2Jd_qN_h6sg.uP8Xy_TqPjL5Qx-7sV-q32DQQ-O6v912z5w4uXhR1Bsg.JPEG/IMG_6186.jpeg?type=w966
SEKAI NO OWARI (세카이 노 오와리),SEKAI NO OWARI ASIA TOUR: Phoenix in Seoul,Towel,28000,https://postfiles.pstatic.net/MjAyNDAzMTFfMTc1/MDAxNzEwMTQxOTQ3MzM5.yqQJ_3Fh3_tXF9hUvCyk849L8kQ_0xO7g2Jd_qN_h6sg.uP8Xy_TqPjL5Qx-7sV-q32DQQ-O6v912z5w4uXhR1Bsg.JPEG/IMG_6186.jpeg?type=w966
SEKAI NO OWARI (세카이 노 오와리),SEKAI NO OWARI ASIA TOUR: Phoenix in Seoul,Towel,28000,https://postfiles.pstatic.net/MjAyNDAzMTFfMTc1/MDAxNzEwMTQxOTQ3MzM5.yqQJ_3Fh3_tXF9hUvCyk849L8kQ_0xO7g2Jd_qN_h6sg.uP8Xy_TqPjL5Qx-7sV-q32DQQ-O6v912z5w4uXhR1Bsg.JPEG/IMG_6186.jpeg?type=w966
SEKAI NO OWARI (세카이 노 오와리),SEKAI NO OWARI ASIA TOUR: Phoenix in Seoul,Towel,28000,https://postfiles.pstatic.net/MjAyNDAzMTFfMTc1/MDAxNzEwMTQxOTQ3MzM5.yqQJ_3Fh3_tXF9hUvCyk849L8kQ_0xO7g2Jd_qN_h6sg.uP8Xy_TqPjL5Qx-7sV-q32DQQ-O6v912z5w4uXhR1Bsg.JPEG/IMG_6186.jpeg?type=w966
SEKAI NO OWARI (세카이 노 오와리),SEKAI NO OWARI ASIA TOUR: Phoenix in Seoul,Towel,28000,https://postfiles.pstatic.net/MjAyNDAzMTFfMTc1/MDAxNzEwMTQxOTQ3MzM5.yqQJ_3Fh3_tXF9hUvCyk849L8kQ_0xO7g2Jd_qN_h6sg.uP8Xy_TqPjL5Qx-7sV-q32DQQ-O6v912z5w4uXhR1Bsg.JPEG/IMG_6186.jpeg?type=w966
