concert_title,name,price,img_url
"SAKIYAMA SOUSHI 연주이야기 투어, DIARY",LIVE T-SHIRT (M/L/XL),"40,000원",https://pbs.twimg.com/media/GPK5vYgbQAALJtH?format=jpg&name=orig
"SAKIYAMA SOUSHI 연주이야기 투어, DIARY",TOWEL,"25,000원",https://pbs.twimg.com/media/GPK5vYgbQAALJtH?format=jpg&name=orig
"SAKIYAMA SOUSHI 연주이야기 투어, DIARY",TOTE BAG,"30,000원",https://pbs.twimg.com/media/GPK5vYgbQAALJtH?format=jpg&name=orig
"SAKIYAMA SOUSHI 연주이야기 투어, DIARY",PENLIGHT,"20,000원",https://pbs.twimg.com/media/GPK5vYgbQAALJtH?format=jpg&name=orig
"SAKIYAMA SOUSHI 연주이야기 투어, DIARY",STICKER SET,"15,000원",https://pbs.twimg.com/media/GPK5vYgbQAALJtH?format=jpg&name=orig
"SAKIYAMA SOUSHI 연주이야기 투어, DIARY",BADGE SET,"20,000원",https://pbs.twimg.com/media/GPK5vYgbQAALJtH?format=jpg&name=orig
에릭 마틴 내한공연,투어 티셔츠,"40,000원",
에릭 마틴 내한공연,볼캡,"35,000원",
에릭 마틴 내한공연,캔버스백,"25,000원",
에릭 마틴 내한공연,미니 배너,"15,000원",
에릭 마틴 내한공연,포스터 세트,"10,000원",
에릭 마틴 내한공연,피크 세트,"10,000원",
MADKID LIVE TOUR: MAZE MUSEUM [서울 (앵콜) ],공식 뱃지,"35,000원",
MADKID LIVE TOUR: MAZE MUSEUM [서울 (앵콜) ],공식 뱃지,"40,000원",
MADKID LIVE TOUR: MAZE MUSEUM [서울 (앵콜) ],공식 뱃지,"25,000원",
Creepy Nuts ASIA TOUR in Seoul,T-셔츠,"4,000원",https://pbs.twimg.com/media/GNe2jBnaUAAX1_N?format=jpg&name=orig
Creepy Nuts ASIA TOUR in Seoul,타월,"2,500원",https://pbs.twimg.com/media/GNe2jBnaUAAX1_N?format=jpg&name=orig
Creepy Nuts ASIA TOUR in Seoul,러버밴드,800원,https://pbs.twimg.com/media/GNe2jBnaUAAX1_N?format=jpg&name=orig
Creepy Nuts ASIA TOUR in Seoul,스티커 세트,800원,https://pbs.twimg.com/media/GNe2jBnaUAAX1_N?format=jpg&name=orig
Creepy Nuts ASIA TOUR in Seoul,토트백,"2,500원",https://pbs.twimg.com/media/GNe2jBnaUAAX1_N?format=jpg&name=orig
"baby selects, 2hollis (투홀리스) 서울 공연 pt.2",2hollis Official T-shirt (Black),"45,000원",
"baby selects, 2hollis (투홀리스) 서울 공연 pt.2",2hollis Official T-shirt (White),"45,000원",
"baby selects, 2hollis (투홀리스) 서울 공연 pt.2",2hollis Official Hoodie (Black),"85,000원",
"baby selects, 2hollis (투홀리스) 서울 공연 pt.2",2hollis Official Hoodie (Grey),"85,000원",
"baby selects, 2hollis (투홀리스) 서울 공연 pt.2",2hollis Official Beanie,"35,000원",
"baby selects, 2hollis (투홀리스) 서울 공연 pt.2",2hollis Official Scarf,"35,000원",
"baby selects, 2hollis (투홀리스) 서울 공연 pt.2",2hollis Official Socks,"15,000원",
"baby selects, 2hollis (투홀리스) 서울 공연 pt.2",2hollis Official Lighter,"10,000원",
"baby selects, 2hollis (투홀리스) 서울 공연 pt.2",2hollis Official Poster,"10,000원",
toconoma ISLAND World Tour [서울],공식 티셔츠,"40,000원",
toconoma ISLAND World Tour [서울],공식 티셔츠,"20,000원",
toconoma ISLAND World Tour [서울],공식 티셔츠,"18,000원",
뮤즈 내한공연 (MUSE LIVE IN KOREA),공식 티셔츠,"40,000원",
뮤즈 내한공연 (MUSE LIVE IN KOREA),공식 티셔츠,"40,000원",
뮤즈 내한공연 (MUSE LIVE IN KOREA),공식 티셔츠,"85,000원",
Gen Hoshino presents MAD HOPE Asia Tour in SEOUL,"MAD HOPE ""Crazy Hope"" T-shirt (Black)","3,500원",https://d3vgh01g00y23c.cloudfront.net/products/374635_1_2.jpg
Gen Hoshino presents MAD HOPE Asia Tour in SEOUL,"MAD HOPE ""Crazy Hope"" T-shirt (White)","3,500원",https://d3vgh01g00y23c.cloudfront.net/products/374636_1_2.jpg
Gen Hoshino presents MAD HOPE Asia Tour in SEOUL,MAD HOPE Towel,"2,000원",https://d3vgh01g00y23c.cloudfront.net/products/374637_1_2.jpg
Gen Hoshino presents MAD HOPE Asia Tour in SEOUL,MAD HOPE Rubber Band,600원,https://d3vgh01g00y23c.cloudfront.net/products/374638_1_2.jpg
Gen Hoshino presents MAD HOPE Asia Tour in SEOUL,MAD HOPE Badge Collection (랜덤 / 5종 중 1종),500원,https://d3vgh01g00y23c.cloudfront.net/products/374639_1_2.jpg
Gen Hoshino presents MAD HOPE Asia Tour in SEOUL,MAD HOPE Pouch,"1,800원",https://d3vgh01g00y23c.cloudfront.net/products/374640_1_2.jpg
Gen Hoshino presents MAD HOPE Asia Tour in SEOUL,MAD HOPE Clear Folder Set,"1,000원",https://d3vgh01g00y23c.cloudfront.net/products/374641_1_2.jpg
"제이크 첫 단독 내한공연, JVKE LIVE IN SEOUL",JVKE LIVE IN SEOUL T-shirt (Black),"39,000원",https://cdn.shopify.com/s/files/1/0530/2324/5354/products/JVKE_Merch_Thumbnail_T-shirt_BLACK.jpg?v=1691039803
"제이크 첫 단독 내한공연, JVKE LIVE IN SEOUL",JVKE LIVE IN SEOUL T-shirt (White),"39,000원",https://cdn.shopify.com/s/files/1/0530/2324/5354/products/JVKE_Merch_Thumbnail_T-shirt_WHITE.jpg?v=1691039803
"제이크 첫 단독 내한공연, JVKE LIVE IN SEOUL",JVKE LIVE IN SEOUL Hoodie (Grey),"69,000원",https://cdn.shopify.com/s/files/1/0530/2324/5354/products/JVKE_Merch_Thumbnail_Hoodie_GRAY.jpg?v=1691039803
"제이크 첫 단독 내한공연, JVKE LIVE IN SEOUL",JVKE LIVE IN SEOUL Cap (Black),"30,000원",https://cdn.shopify.com/s/files/1/0530/2324/5354/products/JVKE_Merch_Thumbnail_CAP_BLACK.jpg?v=1691039803
"제이크 첫 단독 내한공연, JVKE LIVE IN SEOUL",JVKE LIVE IN SEOUL Poster Set (2EA),"18,000원",https://cdn.shopify.com/s/files/1/0530/2324/5354/products/JVKE_Merch_Thumbnail_POSTER.jpg?v=1691039803
"제이크 첫 단독 내한공연, JVKE LIVE IN SEOUL",JVKE LIVE IN SEOUL Photo Card Set (8EA),"13,000원",https://cdn.shopify.com/s/files/1/0530/2324/5354/products/JVKE_Merch_Thumbnail_PHOTO_CARD.jpg?v=1691039803
SEKAI NO OWARI ASIA TOUR: Phoenix in Seoul,"T-Shirt (M, L, XL)","45,000원",https://postfiles.pstatic.net/MjAyNDAzMTFfMTc1/MDAxNzEwMTQxOTQ3MzM5.yqQJ_3Fh3_tXF9hUvCyk849L8kQ_0xO7g2Jd_qN_h6sg.uP8Xy_TqPjL5Qx-7sV-q32DQQ-O6v912z5w4uXhR1Bsg.JPEG/IMG_6186.jpeg?type=w966
SEKAI NO OWARI ASIA TOUR: Phoenix in Seoul,Towel,"28,000원",https://postfiles.pstatic.net/MjAyNDAzMTFfMTc1/MDAxNzEwMTQxOTQ3MzM5.yqQJ_3Fh3_tXF9hUvCyk849L8kQ_0xO7g2Jd_qN_h6sg.uP8Xy_TqPjL5Qx-7sV-q32DQQ-O6v912z5w4uXhR1Bsg.JPEG/IMG_6186.jpeg?type=w966
SEKAI NO OWARI ASIA TOUR: Phoenix in Seoul,Rubber Band,"10,000원",https://postfiles.pstatic.net/MjAyNDAzMTFfMTc1/MDAxNzEwMTQxOTQ3MzM5.yqQJ_3Fh3_tXF9hUvCyk849L8kQ_0xO7g2Jd_qN_h6sg.uP8Xy_TqPjL5Qx-7sV-q32DQQ-O6v912z5w4uXhR1Bsg.JPEG/IMG_6186.jpeg?type=w966
SEKAI NO OWARI ASIA TOUR: Phoenix in Seoul,Bracelet,"18,000원",https://postfiles.pstatic.net/MjAyNDAzMTFfMTc1/MDAxNzEwMTQxOTQ3MzM5.yqQJ_3Fh3_tXF9hUvCyk849L8kQ_0xO7g2Jd_qN_h6sg.uP8Xy_TqPjL5Qx-7sV-q32DQQ-O6v912z5w4uXhR1Bsg.JPEG/IMG_6186.jpeg?type=w966
SEKAI NO OWARI ASIA TOUR: Phoenix in Seoul,Can Badge Set (2ea),"12,000원",https://postfiles.pstatic.net/MjAyNDAzMTFfMTc1/MDAxNzEwMTQxOTQ3MzM5.yqQJ_3Fh3_tXF9hUvCyk849L8kQ_0xO7g2Jd_qN_h6sg.uP8Xy_TqPjL5Qx-7sV-q32DQQ-O6v912z5w4uXhR1Bsg.JPEG/IMG_6186.jpeg?type=w966
SEKAI NO OWARI ASIA TOUR: Phoenix in Seoul,Pouch,"20,000원",https://postfiles.pstatic.net/MjAyNDAzMTFfMTc1/MDAxNzEwMTQxOTQ3MzM5.yqQJ_3Fh3_tXF9hUvCyk849L8kQ_0xO7g2Jd_qN_h6sg.uP8Xy_TqPjL5Qx-7sV-q32DQQ-O6v912z5w4uXhR1Bsg.JPEG/IMG_6186.jpeg?type=w966
SEKAI NO OWARI ASIA TOUR: Phoenix in Seoul,Bag,"30,000원",https://postfiles.pstatic.net/MjAyNDAzMTFfMTc1/MDAxNzEwMTQxOTQ3MzM5.yqQJ_3Fh3_tXF9hUvCyk849L8kQ_0xO7g2Jd_qN_h6sg.uP8Xy_TqPjL5Qx-7sV-q32DQQ-O6v912z5w4uXhR1Bsg.JPEG/IMG_6186.jpeg?type=w966
